{
    "Gender": 0,
    "Weight": 0.0,
    "SkinColor": {
        "r": 0.22641509771347047,
        "g": 0.19293342530727387,
        "b": 0.16553933918476106,
        "a": 1.0
    },
    "HairStyle": "Avatar/Hair/Spiky/Spiky",
    "HairColor": {
        "r": 0.07547169923782349,
        "g": 0.07547169923782349,
        "b": 0.07547169923782349,
        "a": 1.0
    },
    "Mouth": "Avatar/Layers/Face/Face_SlightSmile",
    "FacialHair": "Avatar/Layers/Face/FacialHair_Goatee",
    "FacialDetails": "",
    "FacialDetailsIntensity": 0.3709677457809448,
    "EyeballColor": {
        "r": 1.0,
        "g": 0.6556603908538818,
        "b": 0.6556603908538818,
        "a": 1.0
    },
    "UpperEyeLidRestingPosition": 0.5,
    "LowerEyeLidRestingPosition": 0.5,
    "PupilDilation": 0.75,
    "EyebrowScale": 1.0,
    "EyebrowThickness": 1.0,
    "EyebrowRestingHeight": 0.0,
    "EyebrowRestingAngle": 0.0,
    "Top": "Avatar/Layers/Top/T-Shirt",
    "TopColor": {
        "r": 0.1764705926179886,
        "g": 0.21568627655506135,
        "b": 0.40392157435417178,
        "a": 1.0
    },
    "Bottom": "Avatar/Layers/Bottom/Jeans",
    "BottomColor": {
        "r": 0.23529411852359773,
        "g": 0.23529411852359773,
        "b": 0.23529411852359773,
        "a": 1.0
    },
    "Shoes": "Avatar/Accessories/Feet/Sneakers/Sneakers",
    "ShoesColor": {
        "r": 0.48235294222831728,
        "g": 0.3294117748737335,
        "b": 0.2235294133424759,
        "a": 1.0
    },
    "Headwear": "",
    "HeadwearColor": {
        "r": 1.0,
        "g": 1.0,
        "b": 1.0,
        "a": 1.0
    },
    "Eyewear": "",
    "EyewearColor": {
        "r": 0.0,
        "g": 0.0,
        "b": 0.0,
        "a": 0.0
    },
    "Tattoos": []
}