{
    "Gender": 0,
    "Weight": 0.0,
    "SkinColor": {
        "r": 0.2800000011920929,
        "g": 0.23000000417232514,
        "b": 0.20000000298023225,
        "a": 1.0
    },
    "HairStyle": "Avatar/Hair/Balding/Balding",
    "HairColor": {
        "r": 0.8100000023841858,
        "g": 0.8100000023841858,
        "b": 0.8100000023841858,
        "a": 1.0
    },
    "Mouth": "Avatar/Layers/Face/Face_SlightSmile",
    "FacialHair": "Avatar/Layers/Face/FacialHair_Stubble",
    "FacialDetails": "Avatar/Layers/Face/Freckles",
    "FacialDetailsIntensity": 0.6387096643447876,
    "EyeballColor": {
        "r": 1.0,
        "g": 1.0,
        "b": 1.0,
        "a": 1.0
    },
    "UpperEyeLidRestingPosition": 0.24838709831237794,
    "LowerEyeLidRestingPosition": 0.5,
    "PupilDilation": 0.7516128420829773,
    "EyebrowScale": 1.0822581052780152,
    "EyebrowThickness": 1.3677419424057007,
    "EyebrowRestingHeight": -0.31612902879714968,
    "EyebrowRestingAngle": 5.612902641296387,
    "Top": "Avatar/Layers/Top/V-Neck",
    "TopColor": {
        "r": 0.8299999833106995,
        "g": 0.9900000095367432,
        "b": 0.27000001072883608,
        "a": 1.0
    },
    "Bottom": "Avatar/Layers/Bottom/Jorts",
    "BottomColor": {
        "r": 0.23000000417232514,
        "g": 0.23000000417232514,
        "b": 0.23000000417232514,
        "a": 1.0
    },
    "Shoes": "Avatar/Accessories/Feet/Sneakers/Sneakers",
    "ShoesColor": {
        "r": 0.28999999165534975,
        "g": 0.5400000214576721,
        "b": 0.1899999976158142,
        "a": 1.0
    },
    "Headwear": "",
    "HeadwearColor": {
        "r": 1.0,
        "g": 1.0,
        "b": 1.0,
        "a": 1.0
    },
    "Eyewear": "",
    "EyewearColor": {
        "r": 0.0,
        "g": 0.0,
        "b": 0.0,
        "a": 0.0
    },
    "Tattoos": []
}