{
    "Items": [
        "{\"DataType\":\"ItemData\",\"DataVersion\":0,\"GameVersion\":\"0.4.0f5\",\"ID\":\"offroadskateboard\",\"Quantity\":1}",
        "{\"DataType\":\"ItemData\",\"DataVersion\":0,\"GameVersion\":\"0.4.0f5\",\"ID\":\"electrictrimmers\",\"Quantity\":1}",
        "{\"DataType\":\"WeedData\",\"DataVersion\":0,\"GameVersion\":\"0.4.0f5\",\"ID\":\"greencrack\",\"Quantity\":4,\"Quality\":\"Standard\",\"PackagingID\":\"jar\"}",
        "{\"DataType\":\"ItemData\",\"DataVersion\":0,\"GameVersion\":\"0.4.0f5\",\"ID\":\"machete\",\"Quantity\":1}",
        "{\"DataType\":\"ItemData\",\"DataVersion\":0,\"GameVersion\":\"0.4.0f5\",\"ID\":\"granddaddypurpleseed\",\"Quantity\":2}",
        "{\"DataType\":\"WeedData\",\"DataVersion\":0,\"GameVersion\":\"0.4.0f5\",\"ID\":\"granddaddypurple\",\"Quantity\":7,\"Quality\":\"Premium\",\"PackagingID\":\"baggie\"}",
        "{\"DataType\":\"IntegerItemData\",\"DataVersion\":0,\"GameVersion\":\"0.4.0f5\",\"ID\":\"revolvercylinder\",\"Quantity\":1,\"Value\":6}",
        "{\"DataType\":\"IntegerItemData\",\"DataVersion\":0,\"GameVersion\":\"0.4.0f5\",\"ID\":\"revolver\",\"Quantity\":1,\"Value\":0}",
        "{\"DataType\":\"CashData\",\"DataVersion\":0,\"GameVersion\":\"0.4.0f5\",\"ID\":\"cash\",\"Quantity\":1,\"CashBalance\":230.0}"
    ],
    "SlotFilters": [
        {
            "Type": 0,
            "ItemIDs": [],
            "AllowedQualities": [
                0,
                1,
                2,
                3,
                4
            ]
        },
        {
            "Type": 0,
            "ItemIDs": [],
            "AllowedQualities": [
                0,
                1,
                2,
                3,
                4
            ]
        },
        {
            "Type": 0,
            "ItemIDs": [],
            "AllowedQualities": [
                0,
                1,
                2,
                3,
                4
            ]
        },
        {
            "Type": 0,
            "ItemIDs": [],
            "AllowedQualities": [
                0,
                1,
                2,
                3,
                4
            ]
        },
        {
            "Type": 0,
            "ItemIDs": [],
            "AllowedQualities": [
                0,
                1,
                2,
                3,
                4
            ]
        },
        {
            "Type": 0,
            "ItemIDs": [],
            "AllowedQualities": [
                0,
                1,
                2,
                3,
                4
            ]
        },
        {
            "Type": 0,
            "ItemIDs": [],
            "AllowedQualities": [
                0,
                1,
                2,
                3,
                4
            ]
        },
        {
            "Type": 0,
            "ItemIDs": [],
            "AllowedQualities": [
                0,
                1,
                2,
                3,
                4
            ]
        },
        {
            "Type": 0,
            "ItemIDs": [],
            "AllowedQualities": [
                0,
                1,
                2,
                3,
                4
            ]
        }
    ]
}