{
    "DataType": "CartelData",
    "DataVersion": 0,
    "GameVersion": "0.4.0f5",
    "Status": 2,
    "HoursSinceStatusChange": 203,
    "RegionInfluence": [
        {
            "Region": 0,
            "Influence": 0.0
        },
        {
            "Region": 1,
            "Influence": 0.09999984502792359
        },
        {
            "Region": 2,
            "Influence": 0.49999988079071047
        },
        {
            "Region": 3,
            "Influence": 0.8999999761581421
        },
        {
            "Region": 4,
            "Influence": 1.0
        },
        {
            "Region": 5,
            "Influence": 1.0
        }
    ],
    "HoursUntilNextGlobalActivity": 5,
    "RegionalActivityData": [
        {
            "Region": 0,
            "CurrentActivityIndex": -1,
            "HoursUntilNextActivity": 29
        },
        {
            "Region": 1,
            "CurrentActivityIndex": -1,
            "HoursUntilNextActivity": 1
        },
        {
            "Region": 2,
            "CurrentActivityIndex": 2,
            "HoursUntilNextActivity": 27
        },
        {
            "Region": 3,
            "CurrentActivityIndex": -1,
            "HoursUntilNextActivity": 29
        },
        {
            "Region": 4,
            "CurrentActivityIndex": -1,
            "HoursUntilNextActivity": 15
        },
        {
            "Region": 5,
            "CurrentActivityIndex": -1,
            "HoursUntilNextActivity": 32
        }
    ],
    "ActiveCartelDeal": {
        "RequestedProductID": "",
        "RequestedProductQuantity": 0,
        "PaymentAmount": 0,
        "DueTime": {
            "elapsedDays": 0,
            "time": 0
        },
        "Status": 0
    },
    "HoursUntilNextDealRequest": 0
}