{
    "DataType": "MetaData",
    "DataVersion": 0,
    "GameVersion": "0.4.0f5",
    "CreationDate": {
        "DataType": "DateTimeData",
        "DataVersion": 0,
        "GameVersion": "0.4.0f5",
        "Year": 2025,
        "Month": 9,
        "Day": 7,
        "Hour": 20,
        "Minute": 50,
        "Second": 46
    },
    "LastPlayedDate": {
        "DataType": "DateTimeData",
        "DataVersion": 0,
        "GameVersion": "0.4.0f5",
        "Year": 2025,
        "Month": 9,
        "Day": 20,
        "Hour": 18,
        "Minute": 13,
        "Second": 22
    },
    "CreationVersion": "0.4.0f5",
    "LastSaveVersion": "0.4.0f5",
    "PlayTutorial": false
}