{
    "DataType": "VehicleCollectionData",
    "DataVersion": 0,
    "GameVersion": "0.4.0f5",
    "Vehicles": [
        {
            "DataType": "VehicleData",
            "DataVersion": 0,
            "GameVersion": "0.4.0f5",
            "GUID": "f8c7efeb-ecea-4a3b-8e4f-b35dd033c51f",
            "VehicleCode": "veeper",
            "Position": {
                "x": 172.4697265625,
                "y": 0.47999995946884158,
                "z": -13.709857940673829
            },
            "Rotation": {
                "x": 0.002767556579783559,
                "y": 0.7780214548110962,
                "z": 0.0,
                "w": 0.6282317042350769
            },
            "Color": "White",
            "VehicleContents": {
                "Items": [
                    "{\"DataType\":\"IntegerItemData\",\"DataVersion\":0,\"GameVersion\":\"0.4.0f5\",\"ID\":\"revolvercylinder\",\"Quantity\":1,\"Value\":6}",
                    "{\"DataType\":\"TrashGrabberData\",\"DataVersion\":0,\"GameVersion\":\"0.4.0f5\",\"ID\":\"trashgrabber\",\"Quantity\":1,\"Content\":{\"TrashIDs\":[],\"TrashQuantities\":[]}}",
                    "{\"DataType\":\"ItemData\",\"DataVersion\":0,\"GameVersion\":\"0.4.0f5\",\"ID\":\"megabean\",\"Quantity\":20}",
                    "{\"DataType\":\"ItemData\",\"DataVersion\":0,\"GameVersion\":\"0.4.0f5\",\"ID\":\"megabean\",\"Quantity\":20}",
                    "{\"DataType\":\"ItemData\",\"DataVersion\":0,\"GameVersion\":\"0.4.0f5\",\"ID\":\"chili\",\"Quantity\":20}",
                    "{\"DataType\":\"ItemData\",\"DataVersion\":0,\"GameVersion\":\"0.4.0f5\",\"ID\":\"donut\",\"Quantity\":20}",
                    "{\"DataType\":\"ItemData\",\"DataVersion\":0,\"GameVersion\":\"0.4.0f5\",\"ID\":\"donut\",\"Quantity\":20}",
                    "{\"DataType\":\"ItemData\",\"DataVersion\":0,\"GameVersion\":\"0.4.0f5\",\"ID\":\"chili\",\"Quantity\":20}",
                    "{\"DataType\":\"ItemData\",\"DataVersion\":0,\"GameVersion\":\"0.4.0f5\",\"ID\":\"phosphorus\",\"Quantity\":1}",
                    "{\"DataType\":\"QualityItemData\",\"DataVersion\":0,\"GameVersion\":\"0.4.0f5\",\"ID\":\"lowqualitypseudo\",\"Quantity\":2,\"Quality\":\"Poor\"}",
                    "{\"DataType\":\"ItemData\",\"DataVersion\":0,\"GameVersion\":\"0.4.0f5\",\"ID\":\"\",\"Quantity\":0}",
                    "{\"DataType\":\"ItemData\",\"DataVersion\":0,\"GameVersion\":\"0.4.0f5\",\"ID\":\"\",\"Quantity\":0}",
                    "{\"DataType\":\"ItemData\",\"DataVersion\":0,\"GameVersion\":\"0.4.0f5\",\"ID\":\"\",\"Quantity\":0}",
                    "{\"DataType\":\"ItemData\",\"DataVersion\":0,\"GameVersion\":\"0.4.0f5\",\"ID\":\"\",\"Quantity\":0}",
                    "{\"DataType\":\"ItemData\",\"DataVersion\":0,\"GameVersion\":\"0.4.0f5\",\"ID\":\"\",\"Quantity\":0}",
                    "{\"DataType\":\"ItemData\",\"DataVersion\":0,\"GameVersion\":\"0.4.0f5\",\"ID\":\"\",\"Quantity\":0}"
                ],
                "SlotFilters": [
                    {
                        "Type": 0,
                        "ItemIDs": [],
                        "AllowedQualities": [
                            0,
                            1,
                            2,
                            3,
                            4
                        ]
                    },
                    {
                        "Type": 0,
                        "ItemIDs": [],
                        "AllowedQualities": [
                            0,
                            1,
                            2,
                            3,
                            4
                        ]
                    },
                    {
                        "Type": 0,
                        "ItemIDs": [],
                        "AllowedQualities": [
                            0,
                            1,
                            2,
                            3,
                            4
                        ]
                    },
                    {
                        "Type": 0,
                        "ItemIDs": [],
                        "AllowedQualities": [
                            0,
                            1,
                            2,
                            3,
                            4
                        ]
                    },
                    {
                        "Type": 0,
                        "ItemIDs": [],
                        "AllowedQualities": [
                            0,
                            1,
                            2,
                            3,
                            4
                        ]
                    },
                    {
                        "Type": 0,
                        "ItemIDs": [],
                        "AllowedQualities": [
                            0,
                            1,
                            2,
                            3,
                            4
                        ]
                    },
                    {
                        "Type": 0,
                        "ItemIDs": [],
                        "AllowedQualities": [
                            0,
                            1,
                            2,
                            3,
                            4
                        ]
                    },
                    {
                        "Type": 0,
                        "ItemIDs": [],
                        "AllowedQualities": [
                            0,
                            1,
                            2,
                            3,
                            4
                        ]
                    },
                    {
                        "Type": 0,
                        "ItemIDs": [],
                        "AllowedQualities": [
                            0,
                            1,
                            2,
                            3,
                            4
                        ]
                    },
                    {
                        "Type": 0,
                        "ItemIDs": [],
                        "AllowedQualities": [
                            0,
                            1,
                            2,
                            3,
                            4
                        ]
                    },
                    {
                        "Type": 0,
                        "ItemIDs": [],
                        "AllowedQualities": [
                            0,
                            1,
                            2,
                            3,
                            4
                        ]
                    },
                    {
                        "Type": 0,
                        "ItemIDs": [],
                        "AllowedQualities": [
                            0,
                            1,
                            2,
                            3,
                            4
                        ]
                    },
                    {
                        "Type": 0,
                        "ItemIDs": [],
                        "AllowedQualities": [
                            0,
                            1,
                            2,
                            3,
                            4
                        ]
                    },
                    {
                        "Type": 0,
                        "ItemIDs": [],
                        "AllowedQualities": [
                            0,
                            1,
                            2,
                            3,
                            4
                        ]
                    },
                    {
                        "Type": 0,
                        "ItemIDs": [],
                        "AllowedQualities": [
                            0,
                            1,
                            2,
                            3,
                            4
                        ]
                    },
                    {
                        "Type": 0,
                        "ItemIDs": [],
                        "AllowedQualities": [
                            0,
                            1,
                            2,
                            3,
                            4
                        ]
                    }
                ]
            }
        }
    ]
}