{
    "DataType": "ProductManagerData",
    "DataVersion": 0,
    "GameVersion": "0.4.0f5",
    "DiscoveredProducts": [
        "ogkush",
        "sourdiesel",
        "greencrack",
        "granddaddypurple",
        "californiafuel",
        "purpleassblaster",
        "thickmonkey",
        "strawberryshart",
        "pinkcookies",
        "aspensmegma",
        "meth",
        "cocaine",
        "megadiesel",
        "stinkydiesel",
        "nightmareballs",
        "stinkyfruit",
        "gorillaghost",
        "ultragold",
        "purpleslime"
    ],
    "ListedProducts": [
        "greencrack",
        "granddaddypurple",
        "meth",
        "nightmareballs"
    ],
    "ActiveMixOperation": {
        "ProductID": "",
        "IngredientID": ""
    },
    "IsMixComplete": false,
    "MixRecipes": [
        {
            "Product": "flumedicine",
            "Mixer": "ogkush",
            "Output": "californiafuel"
        },
        {
            "Product": "ogkush",
            "Mixer": "energydrink",
            "Output": "purpleassblaster"
        },
        {
            "Product": "ogkush",
            "Mixer": "cuke",
            "Output": "thickmonkey"
        },
        {
            "Product": "granddaddypurple",
            "Mixer": "energydrink",
            "Output": "strawberryshart"
        },
        {
            "Product": "greencrack",
            "Mixer": "iodine",
            "Output": "pinkcookies"
        },
        {
            "Product": "greencrack",
            "Mixer": "flumedicine",
            "Output": "aspensmegma"
        },
        {
            "Product": "chili",
            "Mixer": "greencrack",
            "Output": "megadiesel"
        },
        {
            "Product": "donut",
            "Mixer": "megadiesel",
            "Output": "stinkydiesel"
        },
        {
            "Product": "megabean",
            "Mixer": "stinkydiesel",
            "Output": "nightmareballs"
        },
        {
            "Product": "chili",
            "Mixer": "granddaddypurple",
            "Output": "stinkyfruit"
        },
        {
            "Product": "banana",
            "Mixer": "stinkyfruit",
            "Output": "gorillaghost"
        },
        {
            "Product": "megabean",
            "Mixer": "gorillaghost",
            "Output": "ultragold"
        },
        {
            "Product": "addy",
            "Mixer": "granddaddypurple",
            "Output": "purpleslime"
        }
    ],
    "ProductPrices": [
        {
            "String": "ogkush",
            "Int": 50
        },
        {
            "String": "sourdiesel",
            "Int": 50
        },
        {
            "String": "greencrack",
            "Int": 50
        },
        {
            "String": "granddaddypurple",
            "Int": 55
        },
        {
            "String": "meth",
            "Int": 70
        },
        {
            "String": "cocaine",
            "Int": 150
        },
        {
            "String": "californiafuel",
            "Int": 61
        },
        {
            "String": "purpleassblaster",
            "Int": 50
        },
        {
            "String": "thickmonkey",
            "Int": 60
        },
        {
            "String": "strawberryshart",
            "Int": 50
        },
        {
            "String": "pinkcookies",
            "Int": 57
        },
        {
            "String": "aspensmegma",
            "Int": 52
        },
        {
            "String": "megadiesel",
            "Int": 56
        },
        {
            "String": "stinkydiesel",
            "Int": 66
        },
        {
            "String": "nightmareballs",
            "Int": 90
        },
        {
            "String": "stinkyfruit",
            "Int": 57
        },
        {
            "String": "gorillaghost",
            "Int": 64
        },
        {
            "String": "ultragold",
            "Int": 77
        },
        {
            "String": "purpleslime",
            "Int": 57
        }
    ],
    "FavouritedProducts": [
        "meth",
        "nightmareballs",
        "aspensmegma",
        "sourdiesel"
    ],
    "CreatedWeed": [
        {
            "DataType": "WeedProductData",
            "DataVersion": 0,
            "GameVersion": "0.4.0f5",
            "Name": "California Fuel",
            "ID": "californiafuel",
            "DrugType": 0,
            "Properties": [
                "sedating",
                "brighteyed"
            ],
            "AppearanceSettings": {
                "MainColor": {
                    "r": 83,
                    "g": 88,
                    "b": 95,
                    "a": 255
                },
                "SecondaryColor": {
                    "r": 128,
                    "g": 147,
                    "b": 179,
                    "a": 255
                },
                "LeafColor": {
                    "r": 105,
                    "g": 117,
                    "b": 137,
                    "a": 255
                },
                "StemColor": {
                    "r": 66,
                    "g": 70,
                    "b": 76,
                    "a": 255
                }
            }
        },
        {
            "DataType": "WeedProductData",
            "DataVersion": 0,
            "GameVersion": "0.4.0f5",
            "Name": "Purple Assblaster",
            "ID": "purpleassblaster",
            "DrugType": 0,
            "Properties": [
                "calming",
                "athletic"
            ],
            "AppearanceSettings": {
                "MainColor": {
                    "r": 114,
                    "g": 116,
                    "b": 82,
                    "a": 255
                },
                "SecondaryColor": {
                    "r": 159,
                    "g": 171,
                    "b": 155,
                    "a": 255
                },
                "LeafColor": {
                    "r": 136,
                    "g": 143,
                    "b": 118,
                    "a": 255
                },
                "StemColor": {
                    "r": 91,
                    "g": 92,
                    "b": 65,
                    "a": 255
                }
            }
        },
        {
            "DataType": "WeedProductData",
            "DataVersion": 0,
            "GameVersion": "0.4.0f5",
            "Name": "Thick Monkey",
            "ID": "thickmonkey",
            "DrugType": 0,
            "Properties": [
                "calming",
                "energizing"
            ],
            "AppearanceSettings": {
                "MainColor": {
                    "r": 114,
                    "g": 116,
                    "b": 82,
                    "a": 255
                },
                "SecondaryColor": {
                    "r": 153,
                    "g": 164,
                    "b": 100,
                    "a": 255
                },
                "LeafColor": {
                    "r": 133,
                    "g": 140,
                    "b": 91,
                    "a": 255
                },
                "StemColor": {
                    "r": 91,
                    "g": 92,
                    "b": 65,
                    "a": 255
                }
            }
        },
        {
            "DataType": "WeedProductData",
            "DataVersion": 0,
            "GameVersion": "0.4.0f5",
            "Name": "Strawberry Shart",
            "ID": "strawberryshart",
            "DrugType": 0,
            "Properties": [
                "munchies",
                "athletic"
            ],
            "AppearanceSettings": {
                "MainColor": {
                    "r": 106,
                    "g": 101,
                    "b": 72,
                    "a": 255
                },
                "SecondaryColor": {
                    "r": 143,
                    "g": 141,
                    "b": 134,
                    "a": 255
                },
                "LeafColor": {
                    "r": 124,
                    "g": 121,
                    "b": 103,
                    "a": 255
                },
                "StemColor": {
                    "r": 84,
                    "g": 80,
                    "b": 57,
                    "a": 255
                }
            }
        },
        {
            "DataType": "WeedProductData",
            "DataVersion": 0,
            "GameVersion": "0.4.0f5",
            "Name": "Pink Cookies",
            "ID": "pinkcookies",
            "DrugType": 0,
            "Properties": [
                "energizing",
                "jennerising"
            ],
            "AppearanceSettings": {
                "MainColor": {
                    "r": 109,
                    "g": 146,
                    "b": 81,
                    "a": 255
                },
                "SecondaryColor": {
                    "r": 187,
                    "g": 182,
                    "b": 159,
                    "a": 255
                },
                "LeafColor": {
                    "r": 148,
                    "g": 164,
                    "b": 120,
                    "a": 255
                },
                "StemColor": {
                    "r": 87,
                    "g": 116,
                    "b": 64,
                    "a": 255
                }
            }
        },
        {
            "DataType": "WeedProductData",
            "DataVersion": 0,
            "GameVersion": "0.4.0f5",
            "Name": "Aspen Smegma",
            "ID": "aspensmegma",
            "DrugType": 0,
            "Properties": [
                "energizing",
                "sedating"
            ],
            "AppearanceSettings": {
                "MainColor": {
                    "r": 109,
                    "g": 146,
                    "b": 81,
                    "a": 255
                },
                "SecondaryColor": {
                    "r": 116,
                    "g": 134,
                    "b": 100,
                    "a": 255
                },
                "LeafColor": {
                    "r": 112,
                    "g": 140,
                    "b": 90,
                    "a": 255
                },
                "StemColor": {
                    "r": 87,
                    "g": 116,
                    "b": 64,
                    "a": 255
                }
            }
        },
        {
            "DataType": "WeedProductData",
            "DataVersion": 0,
            "GameVersion": "0.4.0f5",
            "Name": "Mega Diesel",
            "ID": "megadiesel",
            "DrugType": 0,
            "Properties": [
                "energizing",
                "spicy"
            ],
            "AppearanceSettings": {
                "MainColor": {
                    "r": 109,
                    "g": 146,
                    "b": 81,
                    "a": 255
                },
                "SecondaryColor": {
                    "r": 170,
                    "g": 156,
                    "b": 87,
                    "a": 255
                },
                "LeafColor": {
                    "r": 139,
                    "g": 151,
                    "b": 84,
                    "a": 255
                },
                "StemColor": {
                    "r": 87,
                    "g": 116,
                    "b": 64,
                    "a": 255
                }
            }
        },
        {
            "DataType": "WeedProductData",
            "DataVersion": 0,
            "GameVersion": "0.4.0f5",
            "Name": "Stinky Diesel",
            "ID": "stinkydiesel",
            "DrugType": 0,
            "Properties": [
                "energizing",
                "caloriedense",
                "spicy"
            ],
            "AppearanceSettings": {
                "MainColor": {
                    "r": 109,
                    "g": 146,
                    "b": 81,
                    "a": 255
                },
                "SecondaryColor": {
                    "r": 153,
                    "g": 149,
                    "b": 118,
                    "a": 255
                },
                "LeafColor": {
                    "r": 131,
                    "g": 147,
                    "b": 99,
                    "a": 255
                },
                "StemColor": {
                    "r": 87,
                    "g": 116,
                    "b": 64,
                    "a": 255
                }
            }
        },
        {
            "DataType": "WeedProductData",
            "DataVersion": 0,
            "GameVersion": "0.4.0f5",
            "Name": "Nightmare Balls",
            "ID": "nightmareballs",
            "DrugType": 0,
            "Properties": [
                "caloriedense",
                "foggy",
                "spicy",
                "cyclopean"
            ],
            "AppearanceSettings": {
                "MainColor": {
                    "r": 139,
                    "g": 109,
                    "b": 122,
                    "a": 255
                },
                "SecondaryColor": {
                    "r": 201,
                    "g": 119,
                    "b": 128,
                    "a": 255
                },
                "LeafColor": {
                    "r": 170,
                    "g": 114,
                    "b": 125,
                    "a": 255
                },
                "StemColor": {
                    "r": 111,
                    "g": 87,
                    "b": 97,
                    "a": 255
                }
            }
        },
        {
            "DataType": "WeedProductData",
            "DataVersion": 0,
            "GameVersion": "0.4.0f5",
            "Name": "Stinky Fruit",
            "ID": "stinkyfruit",
            "DrugType": 0,
            "Properties": [
                "sedating",
                "spicy"
            ],
            "AppearanceSettings": {
                "MainColor": {
                    "r": 83,
                    "g": 88,
                    "b": 95,
                    "a": 255
                },
                "SecondaryColor": {
                    "r": 145,
                    "g": 97,
                    "b": 101,
                    "a": 255
                },
                "LeafColor": {
                    "r": 114,
                    "g": 92,
                    "b": 98,
                    "a": 255
                },
                "StemColor": {
                    "r": 66,
                    "g": 70,
                    "b": 76,
                    "a": 255
                }
            }
        },
        {
            "DataType": "WeedProductData",
            "DataVersion": 0,
            "GameVersion": "0.4.0f5",
            "Name": "Gorilla Ghost",
            "ID": "gorillaghost",
            "DrugType": 0,
            "Properties": [
                "gingeritis",
                "sedating",
                "spicy"
            ],
            "AppearanceSettings": {
                "MainColor": {
                    "r": 83,
                    "g": 88,
                    "b": 95,
                    "a": 255
                },
                "SecondaryColor": {
                    "r": 136,
                    "g": 111,
                    "b": 87,
                    "a": 255
                },
                "LeafColor": {
                    "r": 109,
                    "g": 99,
                    "b": 91,
                    "a": 255
                },
                "StemColor": {
                    "r": 66,
                    "g": 70,
                    "b": 76,
                    "a": 255
                }
            }
        },
        {
            "DataType": "WeedProductData",
            "DataVersion": 0,
            "GameVersion": "0.4.0f5",
            "Name": "Ultra Gold",
            "ID": "ultragold",
            "DrugType": 0,
            "Properties": [
                "gingeritis",
                "sedating",
                "foggy",
                "spicy"
            ],
            "AppearanceSettings": {
                "MainColor": {
                    "r": 139,
                    "g": 110,
                    "b": 61,
                    "a": 255
                },
                "SecondaryColor": {
                    "r": 136,
                    "g": 111,
                    "b": 87,
                    "a": 255
                },
                "LeafColor": {
                    "r": 137,
                    "g": 110,
                    "b": 74,
                    "a": 255
                },
                "StemColor": {
                    "r": 111,
                    "g": 88,
                    "b": 48,
                    "a": 255
                }
            }
        },
        {
            "DataType": "WeedProductData",
            "DataVersion": 0,
            "GameVersion": "0.4.0f5",
            "Name": "Purple Slime",
            "ID": "purpleslime",
            "DrugType": 0,
            "Properties": [
                "gingeritis",
                "thoughtprovoking"
            ],
            "AppearanceSettings": {
                "MainColor": {
                    "r": 139,
                    "g": 110,
                    "b": 61,
                    "a": 255
                },
                "SecondaryColor": {
                    "r": 228,
                    "g": 142,
                    "b": 113,
                    "a": 255
                },
                "LeafColor": {
                    "r": 183,
                    "g": 126,
                    "b": 87,
                    "a": 255
                },
                "StemColor": {
                    "r": 111,
                    "g": 88,
                    "b": 48,
                    "a": 255
                }
            }
        }
    ],
    "CreatedMeth": [],
    "CreatedCocaine": [],
    "ContractReceipts": [
        {
            "ReceiptId": 205833906,
            "CompletedBy": 0,
            "CustomerId": "meg_cooley",
            "CompletionTime": {
                "elapsedDays": 29,
                "time": 1612
            },
            "Items": [
                {
                    "String": "granddaddypurple",
                    "Int": 1
                }
            ],
            "AmountPaid": 230.0
        },
        {
            "ReceiptId": 580585285,
            "CompletedBy": 0,
            "CustomerId": "george_greene",
            "CompletionTime": {
                "elapsedDays": 29,
                "time": 1618
            },
            "Items": [
                {
                    "String": "granddaddypurple",
                    "Int": 2
                }
            ],
            "AmountPaid": 605.0
        },
        {
            "ReceiptId": -1908192740,
            "CompletedBy": 0,
            "CustomerId": "joyce_ball",
            "CompletionTime": {
                "elapsedDays": 29,
                "time": 1624
            },
            "Items": [
                {
                    "String": "granddaddypurple",
                    "Int": 1
                }
            ],
            "AmountPaid": 240.0
        },
        {
            "ReceiptId": 1740439724,
            "CompletedBy": 0,
            "CustomerId": "doris_lubbin",
            "CompletionTime": {
                "elapsedDays": 29,
                "time": 1801
            },
            "Items": [
                {
                    "String": "greencrack",
                    "Int": 1
                }
            ],
            "AmountPaid": 180.0
        },
        {
            "ReceiptId": 677478854,
            "CompletedBy": 0,
            "CustomerId": "peggy_myers",
            "CompletionTime": {
                "elapsedDays": 29,
                "time": 1929
            },
            "Items": [
                {
                    "String": "granddaddypurple",
                    "Int": 1
                }
            ],
            "AmountPaid": 375.0
        },
        {
            "ReceiptId": -954107064,
            "CompletedBy": 1,
            "CustomerId": "mick_lubbin",
            "CompletionTime": {
                "elapsedDays": 29,
                "time": 2025
            },
            "Items": [
                {
                    "String": "granddaddypurple",
                    "Int": 1
                }
            ],
            "AmountPaid": 300.0
        },
        {
            "ReceiptId": 1858220135,
            "CompletedBy": 1,
            "CustomerId": "ming",
            "CompletionTime": {
                "elapsedDays": 29,
                "time": 2123
            },
            "Items": [
                {
                    "String": "granddaddypurple",
                    "Int": 1
                }
            ],
            "AmountPaid": 396.0
        },
        {
            "ReceiptId": 766469809,
            "CompletedBy": 0,
            "CustomerId": "dean_webster",
            "CompletionTime": {
                "elapsedDays": 29,
                "time": 2246
            },
            "Items": [
                {
                    "String": "greencrack",
                    "Int": 2
                }
            ],
            "AmountPaid": 618.0
        },
        {
            "ReceiptId": 1415412049,
            "CompletedBy": 1,
            "CustomerId": "trent_sherman",
            "CompletionTime": {
                "elapsedDays": 29,
                "time": 2318
            },
            "Items": [
                {
                    "String": "granddaddypurple",
                    "Int": 1
                },
                {
                    "String": "granddaddypurple",
                    "Int": 1
                },
                {
                    "String": "granddaddypurple",
                    "Int": 1
                }
            ],
            "AmountPaid": 240.0
        },
        {
            "ReceiptId": 254040676,
            "CompletedBy": 0,
            "CustomerId": "beth_penn",
            "CompletionTime": {
                "elapsedDays": 29,
                "time": 2337
            },
            "Items": [
                {
                    "String": "greencrack",
                    "Int": 1
                }
            ],
            "AmountPaid": 336.0
        },
        {
            "ReceiptId": 1105314892,
            "CompletedBy": 1,
            "CustomerId": "keith_wagner",
            "CompletionTime": {
                "elapsedDays": 30,
                "time": 157
            },
            "Items": [
                {
                    "String": "granddaddypurple",
                    "Int": 1
                },
                {
                    "String": "granddaddypurple",
                    "Int": 1
                },
                {
                    "String": "granddaddypurple",
                    "Int": 1
                }
            ],
            "AmountPaid": 228.0
        },
        {
            "ReceiptId": 9083538,
            "CompletedBy": 0,
            "CustomerId": "charles_rowland",
            "CompletionTime": {
                "elapsedDays": 30,
                "time": 400
            },
            "Items": [
                {
                    "String": "nightmareballs",
                    "Int": 3
                }
            ],
            "AmountPaid": 270.0
        },
        {
            "ReceiptId": 439774527,
            "CompletedBy": 0,
            "CustomerId": "ludwig_meyer",
            "CompletionTime": {
                "elapsedDays": 30,
                "time": 821
            },
            "Items": [
                {
                    "String": "greencrack",
                    "Int": 1
                }
            ],
            "AmountPaid": 215.0
        },
        {
            "ReceiptId": -906954226,
            "CompletedBy": 0,
            "CustomerId": "geraldine_poon",
            "CompletionTime": {
                "elapsedDays": 30,
                "time": 917
            },
            "Items": [
                {
                    "String": "greencrack",
                    "Int": 4
                }
            ],
            "AmountPaid": 860.0
        },
        {
            "ReceiptId": -1287004040,
            "CompletedBy": 1,
            "CustomerId": "austin_steiner",
            "CompletionTime": {
                "elapsedDays": 30,
                "time": 931
            },
            "Items": [
                {
                    "String": "greencrack",
                    "Int": 1
                }
            ],
            "AmountPaid": 305.0
        },
        {
            "ReceiptId": 1562015453,
            "CompletedBy": 0,
            "CustomerId": "peter_file",
            "CompletionTime": {
                "elapsedDays": 30,
                "time": 1010
            },
            "Items": [
                {
                    "String": "nightmareballs",
                    "Int": 3
                }
            ],
            "AmountPaid": 270.0
        },
        {
            "ReceiptId": 1602645891,
            "CompletedBy": 1,
            "CustomerId": "kyle_cooley",
            "CompletionTime": {
                "elapsedDays": 30,
                "time": 1156
            },
            "Items": [
                {
                    "String": "granddaddypurple",
                    "Int": 1
                },
                {
                    "String": "granddaddypurple",
                    "Int": 1
                }
            ],
            "AmountPaid": 440.0
        },
        {
            "ReceiptId": -1027229313,
            "CompletedBy": 0,
            "CustomerId": "joyce_ball",
            "CompletionTime": {
                "elapsedDays": 30,
                "time": 1429
            },
            "Items": [
                {
                    "String": "granddaddypurple",
                    "Int": 3
                }
            ],
            "AmountPaid": 200.0
        },
        {
            "ReceiptId": 848355961,
            "CompletedBy": 0,
            "CustomerId": "george_greene",
            "CompletionTime": {
                "elapsedDays": 30,
                "time": 1447
            },
            "Items": [
                {
                    "String": "nightmareballs",
                    "Int": 10
                }
            ],
            "AmountPaid": 900.0
        },
        {
            "ReceiptId": -1322603893,
            "CompletedBy": 0,
            "CustomerId": "meg_cooley",
            "CompletionTime": {
                "elapsedDays": 30,
                "time": 1517
            },
            "Items": [
                {
                    "String": "nightmareballs",
                    "Int": 3
                }
            ],
            "AmountPaid": 200.0
        },
        {
            "ReceiptId": -612786841,
            "CompletedBy": 1,
            "CustomerId": "chloe_bowers",
            "CompletionTime": {
                "elapsedDays": 30,
                "time": 1524
            },
            "Items": [
                {
                    "String": "granddaddypurple",
                    "Int": 1
                },
                {
                    "String": "granddaddypurple",
                    "Int": 1
                },
                {
                    "String": "granddaddypurple",
                    "Int": 1
                }
            ],
            "AmountPaid": 200.0
        },
        {
            "ReceiptId": 1621586717,
            "CompletedBy": 1,
            "CustomerId": "sam_thompson",
            "CompletionTime": {
                "elapsedDays": 30,
                "time": 1525
            },
            "Items": [
                {
                    "String": "granddaddypurple",
                    "Int": 1
                },
                {
                    "String": "granddaddypurple",
                    "Int": 1
                },
                {
                    "String": "granddaddypurple",
                    "Int": 1
                }
            ],
            "AmountPaid": 185.0
        },
        {
            "ReceiptId": -1596987346,
            "CompletedBy": 0,
            "CustomerId": "doris_lubbin",
            "CompletionTime": {
                "elapsedDays": 30,
                "time": 1537
            },
            "Items": [
                {
                    "String": "granddaddypurple",
                    "Int": 3
                }
            ],
            "AmountPaid": 200.0
        },
        {
            "ReceiptId": -98534637,
            "CompletedBy": 0,
            "CustomerId": "keith_wagner",
            "CompletionTime": {
                "elapsedDays": 30,
                "time": 1657
            },
            "Items": [
                {
                    "String": "nightmareballs",
                    "Int": 2
                }
            ],
            "AmountPaid": 180.0
        },
        {
            "ReceiptId": -1166131285,
            "CompletedBy": 1,
            "CustomerId": "kathy_henderson",
            "CompletionTime": {
                "elapsedDays": 30,
                "time": 1800
            },
            "Items": [
                {
                    "String": "granddaddypurple",
                    "Int": 1
                }
            ],
            "AmountPaid": 368.5
        },
        {
            "ReceiptId": 763013370,
            "CompletedBy": 1,
            "CustomerId": "jerry_montero",
            "CompletionTime": {
                "elapsedDays": 30,
                "time": 1930
            },
            "Items": [
                {
                    "String": "granddaddypurple",
                    "Int": 1
                },
                {
                    "String": "granddaddypurple",
                    "Int": 1
                }
            ],
            "AmountPaid": 395.0
        },
        {
            "ReceiptId": 1553500653,
            "CompletedBy": 0,
            "CustomerId": "peggy_myers",
            "CompletionTime": {
                "elapsedDays": 30,
                "time": 1937
            },
            "Items": [
                {
                    "String": "nightmareballs",
                    "Int": 5
                }
            ],
            "AmountPaid": 435.0
        },
        {
            "ReceiptId": -968549751,
            "CompletedBy": 1,
            "CustomerId": "mick_lubbin",
            "CompletionTime": {
                "elapsedDays": 30,
                "time": 1951
            },
            "Items": [
                {
                    "String": "granddaddypurple",
                    "Int": 1
                }
            ],
            "AmountPaid": 305.0
        },
        {
            "ReceiptId": 1431488574,
            "CompletedBy": 0,
            "CustomerId": "charles_rowland",
            "CompletionTime": {
                "elapsedDays": 30,
                "time": 2000
            },
            "Items": [
                {
                    "String": "granddaddypurple",
                    "Int": 2
                }
            ],
            "AmountPaid": 500.0
        },
        {
            "ReceiptId": 1081281116,
            "CompletedBy": 0,
            "CustomerId": "dean_webster",
            "CompletionTime": {
                "elapsedDays": 30,
                "time": 2028
            },
            "Items": [
                {
                    "String": "granddaddypurple",
                    "Int": 4
                }
            ],
            "AmountPaid": 880.0
        },
        {
            "ReceiptId": 1104331188,
            "CompletedBy": 1,
            "CustomerId": "ming",
            "CompletionTime": {
                "elapsedDays": 30,
                "time": 2036
            },
            "Items": [
                {
                    "String": "granddaddypurple",
                    "Int": 1
                }
            ],
            "AmountPaid": 200.0
        },
        {
            "ReceiptId": 2014188523,
            "CompletedBy": 1,
            "CustomerId": "donna_martin",
            "CompletionTime": {
                "elapsedDays": 30,
                "time": 2200
            },
            "Items": [
                {
                    "String": "granddaddypurple",
                    "Int": 1
                },
                {
                    "String": "granddaddypurple",
                    "Int": 1
                },
                {
                    "String": "granddaddypurple",
                    "Int": 1
                }
            ],
            "AmountPaid": 240.0
        },
        {
            "ReceiptId": -1959504489,
            "CompletedBy": 1,
            "CustomerId": "trent_sherman",
            "CompletionTime": {
                "elapsedDays": 30,
                "time": 2200
            },
            "Items": [],
            "AmountPaid": 78.0
        },
        {
            "ReceiptId": -1300088959,
            "CompletedBy": 1,
            "CustomerId": "kim_delaney",
            "CompletionTime": {
                "elapsedDays": 30,
                "time": 2320
            },
            "Items": [
                {
                    "String": "granddaddypurple",
                    "Int": 1
                }
            ],
            "AmountPaid": 402.0
        },
        {
            "ReceiptId": 320111132,
            "CompletedBy": 1,
            "CustomerId": "jessi_waters",
            "CompletionTime": {
                "elapsedDays": 31,
                "time": 39
            },
            "Items": [
                {
                    "String": "granddaddypurple",
                    "Int": 1
                },
                {
                    "String": "granddaddypurple",
                    "Int": 1
                },
                {
                    "String": "granddaddypurple",
                    "Int": 1
                },
                {
                    "String": "granddaddypurple",
                    "Int": 1
                }
            ],
            "AmountPaid": 642.0
        },
        {
            "ReceiptId": 1953002394,
            "CompletedBy": 0,
            "CustomerId": "beth_penn",
            "CompletionTime": {
                "elapsedDays": 31,
                "time": 844
            },
            "Items": [
                {
                    "String": "greencrack",
                    "Int": 1
                }
            ],
            "AmountPaid": 260.0
        },
        {
            "ReceiptId": -1967804839,
            "CompletedBy": 1,
            "CustomerId": "austin_steiner",
            "CompletionTime": {
                "elapsedDays": 31,
                "time": 926
            },
            "Items": [
                {
                    "String": "granddaddypurple",
                    "Int": 1
                }
            ],
            "AmountPaid": 335.0
        },
        {
            "ReceiptId": -1206156289,
            "CompletedBy": 1,
            "CustomerId": "kyle_cooley",
            "CompletionTime": {
                "elapsedDays": 31,
                "time": 1150
            },
            "Items": [
                {
                    "String": "granddaddypurple",
                    "Int": 1
                },
                {
                    "String": "granddaddypurple",
                    "Int": 1
                }
            ],
            "AmountPaid": 440.0
        },
        {
            "ReceiptId": -2122973093,
            "CompletedBy": 1,
            "CustomerId": "peter_file",
            "CompletionTime": {
                "elapsedDays": 31,
                "time": 1232
            },
            "Items": [
                {
                    "String": "granddaddypurple",
                    "Int": 1
                }
            ],
            "AmountPaid": 368.5
        },
        {
            "ReceiptId": -845085367,
            "CompletedBy": 0,
            "CustomerId": "joyce_ball",
            "CompletionTime": {
                "elapsedDays": 31,
                "time": 1239
            },
            "Items": [
                {
                    "String": "nightmareballs",
                    "Int": 2
                }
            ],
            "AmountPaid": 203.5
        },
        {
            "ReceiptId": 174156001,
            "CompletedBy": 1,
            "CustomerId": "sam_thompson",
            "CompletionTime": {
                "elapsedDays": 31,
                "time": 1432
            },
            "Items": [
                {
                    "String": "granddaddypurple",
                    "Int": 1
                },
                {
                    "String": "granddaddypurple",
                    "Int": 1
                },
                {
                    "String": "granddaddypurple",
                    "Int": 1
                }
            ],
            "AmountPaid": 185.0
        },
        {
            "ReceiptId": -653955584,
            "CompletedBy": 1,
            "CustomerId": "geraldine_poon",
            "CompletionTime": {
                "elapsedDays": 31,
                "time": 1540
            },
            "Items": [
                {
                    "String": "granddaddypurple",
                    "Int": 1
                }
            ],
            "AmountPaid": 565.0
        },
        {
            "ReceiptId": 1813620835,
            "CompletedBy": 1,
            "CustomerId": "ludwig_meyer",
            "CompletionTime": {
                "elapsedDays": 31,
                "time": 1547
            },
            "Items": [
                {
                    "String": "granddaddypurple",
                    "Int": 1
                },
                {
                    "String": "granddaddypurple",
                    "Int": 1
                },
                {
                    "String": "granddaddypurple",
                    "Int": 1
                }
            ],
            "AmountPaid": 200.0
        },
        {
            "ReceiptId": -1772785513,
            "CompletedBy": 1,
            "CustomerId": "chloe_bowers",
            "CompletionTime": {
                "elapsedDays": 31,
                "time": 1637
            },
            "Items": [
                {
                    "String": "granddaddypurple",
                    "Int": 1
                },
                {
                    "String": "granddaddypurple",
                    "Int": 1
                },
                {
                    "String": "granddaddypurple",
                    "Int": 1
                }
            ],
            "AmountPaid": 200.0
        },
        {
            "ReceiptId": 1677755064,
            "CompletedBy": 1,
            "CustomerId": "mick_lubbin",
            "CompletionTime": {
                "elapsedDays": 31,
                "time": 1949
            },
            "Items": [
                {
                    "String": "granddaddypurple",
                    "Int": 1
                }
            ],
            "AmountPaid": 310.0
        },
        {
            "ReceiptId": -1659512958,
            "CompletedBy": 1,
            "CustomerId": "ming",
            "CompletionTime": {
                "elapsedDays": 31,
                "time": 2041
            },
            "Items": [
                {
                    "String": "granddaddypurple",
                    "Int": 1
                }
            ],
            "AmountPaid": 330.0
        },
        {
            "ReceiptId": -1623411538,
            "CompletedBy": 1,
            "CustomerId": "trent_sherman",
            "CompletionTime": {
                "elapsedDays": 31,
                "time": 2205
            },
            "Items": [
                {
                    "String": "granddaddypurple",
                    "Int": 1
                },
                {
                    "String": "granddaddypurple",
                    "Int": 1
                },
                {
                    "String": "granddaddypurple",
                    "Int": 1
                }
            ],
            "AmountPaid": 240.0
        },
        {
            "ReceiptId": -704805138,
            "CompletedBy": 1,
            "CustomerId": "keith_wagner",
            "CompletionTime": {
                "elapsedDays": 32,
                "time": 156
            },
            "Items": [
                {
                    "String": "granddaddypurple",
                    "Int": 1
                },
                {
                    "String": "granddaddypurple",
                    "Int": 1
                },
                {
                    "String": "granddaddypurple",
                    "Int": 1
                }
            ],
            "AmountPaid": 234.0
        },
        {
            "ReceiptId": -136658822,
            "CompletedBy": 1,
            "CustomerId": "austin_steiner",
            "CompletionTime": {
                "elapsedDays": 32,
                "time": 909
            },
            "Items": [
                {
                    "String": "granddaddypurple",
                    "Int": 1
                }
            ],
            "AmountPaid": 335.0
        },
        {
            "ReceiptId": -74173012,
            "CompletedBy": 0,
            "CustomerId": "george_greene",
            "CompletionTime": {
                "elapsedDays": 32,
                "time": 1412
            },
            "Items": [
                {
                    "String": "greencrack",
                    "Int": 4
                }
            ],
            "AmountPaid": 900.0
        }
    ]
}