{
    "DataType": "ProductManagerData",
    "DataVersion": 0,
    "GameVersion": "0.4.0f5",
    "DiscoveredProducts": [
        "ogkush",
        "sourdiesel",
        "greencrack",
        "granddaddypurple",
        "californiafuel",
        "purpleassblaster",
        "thickmonkey",
        "strawberryshart",
        "pinkcookies",
        "aspensmegma",
        "megadiesel",
        "stinkydiesel",
        "nightmareballs",
        "stinkyfruit",
        "gorillaghost",
        "ultragold",
        "purpleslime",
        "granddaddypiss",
        "shinydurkle",
        "meth",
        "cocaine",
        "sweetsplooge",
        "girlscoutdiamond",
        "californiaexpress",
        "californiasmegma",
        "extremepunch",
        "fatsplooge",
        "icecreamballs",
        "strawberrycock",
        "extrememint",
        "slimycrystal"
    ],
    "ListedProducts": [
        "greencrack",
        "granddaddypurple"
    ],
    "ActiveMixOperation": {
        "ProductID": "",
        "IngredientID": ""
    },
    "IsMixComplete": false,
    "MixRecipes": [
        {
            "Product": "flumedicine",
            "Mixer": "ogkush",
            "Output": "californiafuel"
        },
        {
            "Product": "ogkush",
            "Mixer": "energydrink",
            "Output": "purpleassblaster"
        },
        {
            "Product": "ogkush",
            "Mixer": "cuke",
            "Output": "thickmonkey"
        },
        {
            "Product": "granddaddypurple",
            "Mixer": "energydrink",
            "Output": "strawberryshart"
        },
        {
            "Product": "greencrack",
            "Mixer": "iodine",
            "Output": "pinkcookies"
        },
        {
            "Product": "greencrack",
            "Mixer": "flumedicine",
            "Output": "aspensmegma"
        },
        {
            "Product": "chili",
            "Mixer": "greencrack",
            "Output": "megadiesel"
        },
        {
            "Product": "donut",
            "Mixer": "megadiesel",
            "Output": "stinkydiesel"
        },
        {
            "Product": "megabean",
            "Mixer": "stinkydiesel",
            "Output": "nightmareballs"
        },
        {
            "Product": "chili",
            "Mixer": "granddaddypurple",
            "Output": "stinkyfruit"
        },
        {
            "Product": "banana",
            "Mixer": "stinkyfruit",
            "Output": "gorillaghost"
        },
        {
            "Product": "megabean",
            "Mixer": "gorillaghost",
            "Output": "ultragold"
        },
        {
            "Product": "addy",
            "Mixer": "granddaddypurple",
            "Output": "purpleslime"
        },
        {
            "Product": "greencrack",
            "Mixer": "donut",
            "Output": "granddaddypiss"
        },
        {
            "Product": "granddaddypiss",
            "Mixer": "iodine",
            "Output": "shinydurkle"
        },
        {
            "Product": "donut",
            "Mixer": "granddaddypurple",
            "Output": "sweetsplooge"
        },
        {
            "Product": "megabean",
            "Mixer": "sweetsplooge",
            "Output": "girlscoutdiamond"
        },
        {
            "Product": "chili",
            "Mixer": "sweetsplooge",
            "Output": "californiaexpress"
        },
        {
            "Product": "horsesemen",
            "Mixer": "girlscoutdiamond",
            "Output": "californiasmegma"
        },
        {
            "Product": "mouthwash",
            "Mixer": "sourdiesel",
            "Output": "extremepunch"
        },
        {
            "Product": "addy",
            "Mixer": "extremepunch",
            "Output": "fatsplooge"
        },
        {
            "Product": "paracetamol",
            "Mixer": "extremepunch",
            "Output": "icecreamballs"
        },
        {
            "Product": "paracetamol",
            "Mixer": "fatsplooge",
            "Output": "strawberrycock"
        },
        {
            "Product": "chili",
            "Mixer": "strawberrycock",
            "Output": "extrememint"
        },
        {
            "Product": "chili",
            "Mixer": "icecreamballs",
            "Output": "slimycrystal"
        }
    ],
    "ProductPrices": [
        {
            "String": "ogkush",
            "Int": 50
        },
        {
            "String": "sourdiesel",
            "Int": 50
        },
        {
            "String": "greencrack",
            "Int": 50
        },
        {
            "String": "granddaddypurple",
            "Int": 55
        },
        {
            "String": "meth",
            "Int": 70
        },
        {
            "String": "cocaine",
            "Int": 150
        },
        {
            "String": "californiafuel",
            "Int": 61
        },
        {
            "String": "purpleassblaster",
            "Int": 50
        },
        {
            "String": "thickmonkey",
            "Int": 60
        },
        {
            "String": "strawberryshart",
            "Int": 50
        },
        {
            "String": "pinkcookies",
            "Int": 57
        },
        {
            "String": "aspensmegma",
            "Int": 52
        },
        {
            "String": "megadiesel",
            "Int": 56
        },
        {
            "String": "stinkydiesel",
            "Int": 66
        },
        {
            "String": "nightmareballs",
            "Int": 100
        },
        {
            "String": "stinkyfruit",
            "Int": 57
        },
        {
            "String": "gorillaghost",
            "Int": 64
        },
        {
            "String": "ultragold",
            "Int": 77
        },
        {
            "String": "purpleslime",
            "Int": 57
        },
        {
            "String": "granddaddypiss",
            "Int": 52
        },
        {
            "String": "shinydurkle",
            "Int": 65
        },
        {
            "String": "sweetsplooge",
            "Int": 54
        },
        {
            "String": "girlscoutdiamond",
            "Int": 66
        },
        {
            "String": "californiaexpress",
            "Int": 67
        },
        {
            "String": "californiasmegma",
            "Int": 85
        },
        {
            "String": "extremepunch",
            "Int": 50
        },
        {
            "String": "fatsplooge",
            "Int": 66
        },
        {
            "String": "icecreamballs",
            "Int": 59
        },
        {
            "String": "strawberrycock",
            "Int": 74
        },
        {
            "String": "extrememint",
            "Int": 93
        },
        {
            "String": "slimycrystal",
            "Int": 78
        }
    ],
    "FavouritedProducts": [
        "greencrack",
        "granddaddypurple",
        "nightmareballs"
    ],
    "CreatedWeed": [
        {
            "DataType": "WeedProductData",
            "DataVersion": 0,
            "GameVersion": "0.4.0f5",
            "Name": "California Fuel",
            "ID": "californiafuel",
            "DrugType": 0,
            "Properties": [
                "sedating",
                "brighteyed"
            ],
            "AppearanceSettings": {
                "MainColor": {
                    "r": 83,
                    "g": 88,
                    "b": 95,
                    "a": 255
                },
                "SecondaryColor": {
                    "r": 128,
                    "g": 147,
                    "b": 179,
                    "a": 255
                },
                "LeafColor": {
                    "r": 105,
                    "g": 117,
                    "b": 137,
                    "a": 255
                },
                "StemColor": {
                    "r": 66,
                    "g": 70,
                    "b": 76,
                    "a": 255
                }
            }
        },
        {
            "DataType": "WeedProductData",
            "DataVersion": 0,
            "GameVersion": "0.4.0f5",
            "Name": "Purple Assblaster",
            "ID": "purpleassblaster",
            "DrugType": 0,
            "Properties": [
                "calming",
                "athletic"
            ],
            "AppearanceSettings": {
                "MainColor": {
                    "r": 114,
                    "g": 116,
                    "b": 82,
                    "a": 255
                },
                "SecondaryColor": {
                    "r": 159,
                    "g": 171,
                    "b": 155,
                    "a": 255
                },
                "LeafColor": {
                    "r": 136,
                    "g": 143,
                    "b": 118,
                    "a": 255
                },
                "StemColor": {
                    "r": 91,
                    "g": 92,
                    "b": 65,
                    "a": 255
                }
            }
        },
        {
            "DataType": "WeedProductData",
            "DataVersion": 0,
            "GameVersion": "0.4.0f5",
            "Name": "Thick Monkey",
            "ID": "thickmonkey",
            "DrugType": 0,
            "Properties": [
                "calming",
                "energizing"
            ],
            "AppearanceSettings": {
                "MainColor": {
                    "r": 114,
                    "g": 116,
                    "b": 82,
                    "a": 255
                },
                "SecondaryColor": {
                    "r": 153,
                    "g": 164,
                    "b": 100,
                    "a": 255
                },
                "LeafColor": {
                    "r": 133,
                    "g": 140,
                    "b": 91,
                    "a": 255
                },
                "StemColor": {
                    "r": 91,
                    "g": 92,
                    "b": 65,
                    "a": 255
                }
            }
        },
        {
            "DataType": "WeedProductData",
            "DataVersion": 0,
            "GameVersion": "0.4.0f5",
            "Name": "Strawberry Shart",
            "ID": "strawberryshart",
            "DrugType": 0,
            "Properties": [
                "munchies",
                "athletic"
            ],
            "AppearanceSettings": {
                "MainColor": {
                    "r": 106,
                    "g": 101,
                    "b": 72,
                    "a": 255
                },
                "SecondaryColor": {
                    "r": 143,
                    "g": 141,
                    "b": 134,
                    "a": 255
                },
                "LeafColor": {
                    "r": 124,
                    "g": 121,
                    "b": 103,
                    "a": 255
                },
                "StemColor": {
                    "r": 84,
                    "g": 80,
                    "b": 57,
                    "a": 255
                }
            }
        },
        {
            "DataType": "WeedProductData",
            "DataVersion": 0,
            "GameVersion": "0.4.0f5",
            "Name": "Pink Cookies",
            "ID": "pinkcookies",
            "DrugType": 0,
            "Properties": [
                "energizing",
                "jennerising"
            ],
            "AppearanceSettings": {
                "MainColor": {
                    "r": 109,
                    "g": 146,
                    "b": 81,
                    "a": 255
                },
                "SecondaryColor": {
                    "r": 187,
                    "g": 182,
                    "b": 159,
                    "a": 255
                },
                "LeafColor": {
                    "r": 148,
                    "g": 164,
                    "b": 120,
                    "a": 255
                },
                "StemColor": {
                    "r": 87,
                    "g": 116,
                    "b": 64,
                    "a": 255
                }
            }
        },
        {
            "DataType": "WeedProductData",
            "DataVersion": 0,
            "GameVersion": "0.4.0f5",
            "Name": "Aspen Smegma",
            "ID": "aspensmegma",
            "DrugType": 0,
            "Properties": [
                "energizing",
                "sedating"
            ],
            "AppearanceSettings": {
                "MainColor": {
                    "r": 109,
                    "g": 146,
                    "b": 81,
                    "a": 255
                },
                "SecondaryColor": {
                    "r": 116,
                    "g": 134,
                    "b": 100,
                    "a": 255
                },
                "LeafColor": {
                    "r": 112,
                    "g": 140,
                    "b": 90,
                    "a": 255
                },
                "StemColor": {
                    "r": 87,
                    "g": 116,
                    "b": 64,
                    "a": 255
                }
            }
        },
        {
            "DataType": "WeedProductData",
            "DataVersion": 0,
            "GameVersion": "0.4.0f5",
            "Name": "Mega Diesel",
            "ID": "megadiesel",
            "DrugType": 0,
            "Properties": [
                "energizing",
                "spicy"
            ],
            "AppearanceSettings": {
                "MainColor": {
                    "r": 109,
                    "g": 146,
                    "b": 81,
                    "a": 255
                },
                "SecondaryColor": {
                    "r": 170,
                    "g": 156,
                    "b": 87,
                    "a": 255
                },
                "LeafColor": {
                    "r": 139,
                    "g": 151,
                    "b": 84,
                    "a": 255
                },
                "StemColor": {
                    "r": 87,
                    "g": 116,
                    "b": 64,
                    "a": 255
                }
            }
        },
        {
            "DataType": "WeedProductData",
            "DataVersion": 0,
            "GameVersion": "0.4.0f5",
            "Name": "Stinky Diesel",
            "ID": "stinkydiesel",
            "DrugType": 0,
            "Properties": [
                "energizing",
                "caloriedense",
                "spicy"
            ],
            "AppearanceSettings": {
                "MainColor": {
                    "r": 109,
                    "g": 146,
                    "b": 81,
                    "a": 255
                },
                "SecondaryColor": {
                    "r": 153,
                    "g": 149,
                    "b": 118,
                    "a": 255
                },
                "LeafColor": {
                    "r": 131,
                    "g": 147,
                    "b": 99,
                    "a": 255
                },
                "StemColor": {
                    "r": 87,
                    "g": 116,
                    "b": 64,
                    "a": 255
                }
            }
        },
        {
            "DataType": "WeedProductData",
            "DataVersion": 0,
            "GameVersion": "0.4.0f5",
            "Name": "Nightmare Balls",
            "ID": "nightmareballs",
            "DrugType": 0,
            "Properties": [
                "caloriedense",
                "foggy",
                "spicy",
                "cyclopean"
            ],
            "AppearanceSettings": {
                "MainColor": {
                    "r": 139,
                    "g": 109,
                    "b": 122,
                    "a": 255
                },
                "SecondaryColor": {
                    "r": 201,
                    "g": 119,
                    "b": 128,
                    "a": 255
                },
                "LeafColor": {
                    "r": 170,
                    "g": 114,
                    "b": 125,
                    "a": 255
                },
                "StemColor": {
                    "r": 111,
                    "g": 87,
                    "b": 97,
                    "a": 255
                }
            }
        },
        {
            "DataType": "WeedProductData",
            "DataVersion": 0,
            "GameVersion": "0.4.0f5",
            "Name": "Stinky Fruit",
            "ID": "stinkyfruit",
            "DrugType": 0,
            "Properties": [
                "sedating",
                "spicy"
            ],
            "AppearanceSettings": {
                "MainColor": {
                    "r": 83,
                    "g": 88,
                    "b": 95,
                    "a": 255
                },
                "SecondaryColor": {
                    "r": 145,
                    "g": 97,
                    "b": 101,
                    "a": 255
                },
                "LeafColor": {
                    "r": 114,
                    "g": 92,
                    "b": 98,
                    "a": 255
                },
                "StemColor": {
                    "r": 66,
                    "g": 70,
                    "b": 76,
                    "a": 255
                }
            }
        },
        {
            "DataType": "WeedProductData",
            "DataVersion": 0,
            "GameVersion": "0.4.0f5",
            "Name": "Gorilla Ghost",
            "ID": "gorillaghost",
            "DrugType": 0,
            "Properties": [
                "gingeritis",
                "sedating",
                "spicy"
            ],
            "AppearanceSettings": {
                "MainColor": {
                    "r": 83,
                    "g": 88,
                    "b": 95,
                    "a": 255
                },
                "SecondaryColor": {
                    "r": 136,
                    "g": 111,
                    "b": 87,
                    "a": 255
                },
                "LeafColor": {
                    "r": 109,
                    "g": 99,
                    "b": 91,
                    "a": 255
                },
                "StemColor": {
                    "r": 66,
                    "g": 70,
                    "b": 76,
                    "a": 255
                }
            }
        },
        {
            "DataType": "WeedProductData",
            "DataVersion": 0,
            "GameVersion": "0.4.0f5",
            "Name": "Ultra Gold",
            "ID": "ultragold",
            "DrugType": 0,
            "Properties": [
                "gingeritis",
                "sedating",
                "foggy",
                "spicy"
            ],
            "AppearanceSettings": {
                "MainColor": {
                    "r": 139,
                    "g": 110,
                    "b": 61,
                    "a": 255
                },
                "SecondaryColor": {
                    "r": 136,
                    "g": 111,
                    "b": 87,
                    "a": 255
                },
                "LeafColor": {
                    "r": 137,
                    "g": 110,
                    "b": 74,
                    "a": 255
                },
                "StemColor": {
                    "r": 111,
                    "g": 88,
                    "b": 48,
                    "a": 255
                }
            }
        },
        {
            "DataType": "WeedProductData",
            "DataVersion": 0,
            "GameVersion": "0.4.0f5",
            "Name": "Purple Slime",
            "ID": "purpleslime",
            "DrugType": 0,
            "Properties": [
                "gingeritis",
                "thoughtprovoking"
            ],
            "AppearanceSettings": {
                "MainColor": {
                    "r": 139,
                    "g": 110,
                    "b": 61,
                    "a": 255
                },
                "SecondaryColor": {
                    "r": 228,
                    "g": 142,
                    "b": 113,
                    "a": 255
                },
                "LeafColor": {
                    "r": 183,
                    "g": 126,
                    "b": 87,
                    "a": 255
                },
                "StemColor": {
                    "r": 111,
                    "g": 88,
                    "b": 48,
                    "a": 255
                }
            }
        },
        {
            "DataType": "WeedProductData",
            "DataVersion": 0,
            "GameVersion": "0.4.0f5",
            "Name": "Granddaddy Piss",
            "ID": "granddaddypiss",
            "DrugType": 0,
            "Properties": [
                "energizing",
                "caloriedense"
            ],
            "AppearanceSettings": {
                "MainColor": {
                    "r": 109,
                    "g": 146,
                    "b": 81,
                    "a": 255
                },
                "SecondaryColor": {
                    "r": 153,
                    "g": 149,
                    "b": 118,
                    "a": 255
                },
                "LeafColor": {
                    "r": 131,
                    "g": 147,
                    "b": 99,
                    "a": 255
                },
                "StemColor": {
                    "r": 87,
                    "g": 116,
                    "b": 64,
                    "a": 255
                }
            }
        },
        {
            "DataType": "WeedProductData",
            "DataVersion": 0,
            "GameVersion": "0.4.0f5",
            "Name": "Shiny Durkle",
            "ID": "shinydurkle",
            "DrugType": 0,
            "Properties": [
                "gingeritis",
                "energizing",
                "jennerising"
            ],
            "AppearanceSettings": {
                "MainColor": {
                    "r": 109,
                    "g": 146,
                    "b": 81,
                    "a": 255
                },
                "SecondaryColor": {
                    "r": 153,
                    "g": 150,
                    "b": 78,
                    "a": 255
                },
                "LeafColor": {
                    "r": 131,
                    "g": 148,
                    "b": 79,
                    "a": 255
                },
                "StemColor": {
                    "r": 87,
                    "g": 116,
                    "b": 64,
                    "a": 255
                }
            }
        },
        {
            "DataType": "WeedProductData",
            "DataVersion": 0,
            "GameVersion": "0.4.0f5",
            "Name": "Sweet Splooge",
            "ID": "sweetsplooge",
            "DrugType": 0,
            "Properties": [
                "sedating",
                "caloriedense"
            ],
            "AppearanceSettings": {
                "MainColor": {
                    "r": 83,
                    "g": 88,
                    "b": 95,
                    "a": 255
                },
                "SecondaryColor": {
                    "r": 136,
                    "g": 110,
                    "b": 128,
                    "a": 255
                },
                "LeafColor": {
                    "r": 109,
                    "g": 99,
                    "b": 111,
                    "a": 255
                },
                "StemColor": {
                    "r": 66,
                    "g": 70,
                    "b": 76,
                    "a": 255
                }
            }
        },
        {
            "DataType": "WeedProductData",
            "DataVersion": 0,
            "GameVersion": "0.4.0f5",
            "Name": "Girl Scout Diamond",
            "ID": "girlscoutdiamond",
            "DrugType": 0,
            "Properties": [
                "sedating",
                "caloriedense",
                "foggy"
            ],
            "AppearanceSettings": {
                "MainColor": {
                    "r": 83,
                    "g": 88,
                    "b": 95,
                    "a": 255
                },
                "SecondaryColor": {
                    "r": 136,
                    "g": 110,
                    "b": 128,
                    "a": 255
                },
                "LeafColor": {
                    "r": 109,
                    "g": 99,
                    "b": 111,
                    "a": 255
                },
                "StemColor": {
                    "r": 66,
                    "g": 70,
                    "b": 76,
                    "a": 255
                }
            }
        },
        {
            "DataType": "WeedProductData",
            "DataVersion": 0,
            "GameVersion": "0.4.0f5",
            "Name": "California Express",
            "ID": "californiaexpress",
            "DrugType": 0,
            "Properties": [
                "sedating",
                "caloriedense",
                "spicy"
            ],
            "AppearanceSettings": {
                "MainColor": {
                    "r": 83,
                    "g": 88,
                    "b": 95,
                    "a": 255
                },
                "SecondaryColor": {
                    "r": 136,
                    "g": 110,
                    "b": 128,
                    "a": 255
                },
                "LeafColor": {
                    "r": 109,
                    "g": 99,
                    "b": 111,
                    "a": 255
                },
                "StemColor": {
                    "r": 66,
                    "g": 70,
                    "b": 76,
                    "a": 255
                }
            }
        },
        {
            "DataType": "WeedProductData",
            "DataVersion": 0,
            "GameVersion": "0.4.0f5",
            "Name": "California Smegma",
            "ID": "californiasmegma",
            "DrugType": 0,
            "Properties": [
                "sedating",
                "caloriedense",
                "foggy",
                "giraffying"
            ],
            "AppearanceSettings": {
                "MainColor": {
                    "r": 83,
                    "g": 88,
                    "b": 95,
                    "a": 255
                },
                "SecondaryColor": {
                    "r": 136,
                    "g": 110,
                    "b": 128,
                    "a": 255
                },
                "LeafColor": {
                    "r": 109,
                    "g": 99,
                    "b": 111,
                    "a": 255
                },
                "StemColor": {
                    "r": 66,
                    "g": 70,
                    "b": 76,
                    "a": 255
                }
            }
        },
        {
            "DataType": "WeedProductData",
            "DataVersion": 0,
            "GameVersion": "0.4.0f5",
            "Name": "Extreme Punch",
            "ID": "extremepunch",
            "DrugType": 0,
            "Properties": [
                "refreshing",
                "balding"
            ],
            "AppearanceSettings": {
                "MainColor": {
                    "r": 103,
                    "g": 123,
                    "b": 82,
                    "a": 255
                },
                "SecondaryColor": {
                    "r": 161,
                    "g": 168,
                    "b": 92,
                    "a": 255
                },
                "LeafColor": {
                    "r": 132,
                    "g": 145,
                    "b": 87,
                    "a": 255
                },
                "StemColor": {
                    "r": 82,
                    "g": 98,
                    "b": 65,
                    "a": 255
                }
            }
        },
        {
            "DataType": "WeedProductData",
            "DataVersion": 0,
            "GameVersion": "0.4.0f5",
            "Name": "Fat Splooge",
            "ID": "fatsplooge",
            "DrugType": 0,
            "Properties": [
                "refreshing",
                "balding",
                "thoughtprovoking"
            ],
            "AppearanceSettings": {
                "MainColor": {
                    "r": 103,
                    "g": 123,
                    "b": 82,
                    "a": 255
                },
                "SecondaryColor": {
                    "r": 161,
                    "g": 168,
                    "b": 92,
                    "a": 255
                },
                "LeafColor": {
                    "r": 132,
                    "g": 145,
                    "b": 87,
                    "a": 255
                },
                "StemColor": {
                    "r": 82,
                    "g": 98,
                    "b": 65,
                    "a": 255
                }
            }
        },
        {
            "DataType": "WeedProductData",
            "DataVersion": 0,
            "GameVersion": "0.4.0f5",
            "Name": "Ice Cream Balls",
            "ID": "icecreamballs",
            "DrugType": 0,
            "Properties": [
                "refreshing",
                "sneaky",
                "balding"
            ],
            "AppearanceSettings": {
                "MainColor": {
                    "r": 103,
                    "g": 123,
                    "b": 82,
                    "a": 255
                },
                "SecondaryColor": {
                    "r": 132,
                    "g": 147,
                    "b": 103,
                    "a": 255
                },
                "LeafColor": {
                    "r": 117,
                    "g": 135,
                    "b": 92,
                    "a": 255
                },
                "StemColor": {
                    "r": 82,
                    "g": 98,
                    "b": 65,
                    "a": 255
                }
            }
        },
        {
            "DataType": "WeedProductData",
            "DataVersion": 0,
            "GameVersion": "0.4.0f5",
            "Name": "Strawberry Cock",
            "ID": "strawberrycock",
            "DrugType": 0,
            "Properties": [
                "refreshing",
                "sneaky",
                "balding",
                "thoughtprovoking"
            ],
            "AppearanceSettings": {
                "MainColor": {
                    "r": 103,
                    "g": 123,
                    "b": 82,
                    "a": 255
                },
                "SecondaryColor": {
                    "r": 132,
                    "g": 147,
                    "b": 103,
                    "a": 255
                },
                "LeafColor": {
                    "r": 117,
                    "g": 135,
                    "b": 92,
                    "a": 255
                },
                "StemColor": {
                    "r": 82,
                    "g": 98,
                    "b": 65,
                    "a": 255
                }
            }
        },
        {
            "DataType": "WeedProductData",
            "DataVersion": 0,
            "GameVersion": "0.4.0f5",
            "Name": "Extreme Mint",
            "ID": "extrememint",
            "DrugType": 0,
            "Properties": [
                "refreshing",
                "balding",
                "spicy",
                "brighteyed",
                "thoughtprovoking"
            ],
            "AppearanceSettings": {
                "MainColor": {
                    "r": 103,
                    "g": 123,
                    "b": 82,
                    "a": 255
                },
                "SecondaryColor": {
                    "r": 161,
                    "g": 168,
                    "b": 92,
                    "a": 255
                },
                "LeafColor": {
                    "r": 132,
                    "g": 145,
                    "b": 87,
                    "a": 255
                },
                "StemColor": {
                    "r": 82,
                    "g": 98,
                    "b": 65,
                    "a": 255
                }
            }
        },
        {
            "DataType": "WeedProductData",
            "DataVersion": 0,
            "GameVersion": "0.4.0f5",
            "Name": "Slimy Crystal",
            "ID": "slimycrystal",
            "DrugType": 0,
            "Properties": [
                "refreshing",
                "balding",
                "spicy",
                "brighteyed"
            ],
            "AppearanceSettings": {
                "MainColor": {
                    "r": 103,
                    "g": 123,
                    "b": 82,
                    "a": 255
                },
                "SecondaryColor": {
                    "r": 161,
                    "g": 168,
                    "b": 92,
                    "a": 255
                },
                "LeafColor": {
                    "r": 132,
                    "g": 145,
                    "b": 87,
                    "a": 255
                },
                "StemColor": {
                    "r": 82,
                    "g": 98,
                    "b": 65,
                    "a": 255
                }
            }
        }
    ],
    "CreatedMeth": [],
    "CreatedCocaine": [],
    "ContractReceipts": [
        {
            "ReceiptId": -1814032377,
            "CompletedBy": 0,
            "CustomerId": "lucy_pennington",
            "CompletionTime": {
                "elapsedDays": 48,
                "time": 2335
            },
            "Items": [
                {
                    "String": "greencrack",
                    "Int": 1
                },
                {
                    "String": "greencrack",
                    "Int": 1
                }
            ],
            "AmountPaid": 672.0
        },
        {
            "ReceiptId": -1789328877,
            "CompletedBy": 0,
            "CustomerId": "doris_lubbin",
            "CompletionTime": {
                "elapsedDays": 48,
                "time": 2356
            },
            "Items": [
                {
                    "String": "greencrack",
                    "Int": 1
                }
            ],
            "AmountPaid": 288.0
        },
        {
            "ReceiptId": -983047958,
            "CompletedBy": 0,
            "CustomerId": "george_greene",
            "CompletionTime": {
                "elapsedDays": 49,
                "time": 19
            },
            "Items": [
                {
                    "String": "granddaddypurple",
                    "Int": 2
                }
            ],
            "AmountPaid": 798.0
        },
        {
            "ReceiptId": 1374833730,
            "CompletedBy": 0,
            "CustomerId": "joyce_ball",
            "CompletionTime": {
                "elapsedDays": 49,
                "time": 22
            },
            "Items": [
                {
                    "String": "greencrack",
                    "Int": 1
                }
            ],
            "AmountPaid": 324.0
        },
        {
            "ReceiptId": -1909308501,
            "CompletedBy": 0,
            "CustomerId": "dean_webster",
            "CompletionTime": {
                "elapsedDays": 49,
                "time": 42
            },
            "Items": [
                {
                    "String": "granddaddypurple",
                    "Int": 2
                }
            ],
            "AmountPaid": 730.7999877929688
        },
        {
            "ReceiptId": 1459048994,
            "CompletedBy": 0,
            "CustomerId": "charles_rowland",
            "CompletionTime": {
                "elapsedDays": 49,
                "time": 55
            },
            "Items": [
                {
                    "String": "granddaddypurple",
                    "Int": 1
                },
                {
                    "String": "granddaddypurple",
                    "Int": 1
                }
            ],
            "AmountPaid": 666.0
        },
        {
            "ReceiptId": -1385298693,
            "CompletedBy": 0,
            "CustomerId": "beth_penn",
            "CompletionTime": {
                "elapsedDays": 49,
                "time": 122
            },
            "Items": [
                {
                    "String": "greencrack",
                    "Int": 1
                }
            ],
            "AmountPaid": 360.0
        },
        {
            "ReceiptId": 2086728132,
            "CompletedBy": 0,
            "CustomerId": "jessi_waters",
            "CompletionTime": {
                "elapsedDays": 49,
                "time": 248
            },
            "Items": [
                {
                    "String": "nightmareballs",
                    "Int": 3
                }
            ],
            "AmountPaid": 270.0
        },
        {
            "ReceiptId": 1536934701,
            "CompletedBy": 1,
            "CustomerId": "austin_steiner",
            "CompletionTime": {
                "elapsedDays": 49,
                "time": 933
            },
            "Items": [
                {
                    "String": "greencrack",
                    "Int": 1
                },
                {
                    "String": "greencrack",
                    "Int": 1
                }
            ],
            "AmountPaid": 365.0
        },
        {
            "ReceiptId": -1348942777,
            "CompletedBy": 0,
            "CustomerId": "meg_cooley",
            "CompletionTime": {
                "elapsedDays": 49,
                "time": 1026
            },
            "Items": [
                {
                    "String": "greencrack",
                    "Int": 1
                }
            ],
            "AmountPaid": 270.0
        },
        {
            "ReceiptId": -1200774620,
            "CompletedBy": 0,
            "CustomerId": "peter_file",
            "CompletionTime": {
                "elapsedDays": 49,
                "time": 1057
            },
            "Items": [
                {
                    "String": "greencrack",
                    "Int": 2
                }
            ],
            "AmountPaid": 430.0
        },
        {
            "ReceiptId": 851696547,
            "CompletedBy": 1,
            "CustomerId": "kyle_cooley",
            "CompletionTime": {
                "elapsedDays": 49,
                "time": 1150
            },
            "Items": [
                {
                    "String": "greencrack",
                    "Int": 1
                },
                {
                    "String": "greencrack",
                    "Int": 1
                },
                {
                    "String": "greencrack",
                    "Int": 1
                }
            ],
            "AmountPaid": 467.5
        },
        {
            "ReceiptId": 668027123,
            "CompletedBy": 0,
            "CustomerId": "joyce_ball",
            "CompletionTime": {
                "elapsedDays": 49,
                "time": 1154
            },
            "Items": [
                {
                    "String": "greencrack",
                    "Int": 1
                }
            ],
            "AmountPaid": 297.0
        },
        {
            "ReceiptId": -674281864,
            "CompletedBy": 0,
            "CustomerId": "keith_wagner",
            "CompletionTime": {
                "elapsedDays": 49,
                "time": 1201
            },
            "Items": [
                {
                    "String": "granddaddypurple",
                    "Int": 1
                }
            ],
            "AmountPaid": 220.0
        },
        {
            "ReceiptId": -1840664872,
            "CompletedBy": 0,
            "CustomerId": "mick_lubbin",
            "CompletionTime": {
                "elapsedDays": 49,
                "time": 1302
            },
            "Items": [
                {
                    "String": "californiasmegma",
                    "Int": 1
                }
            ],
            "AmountPaid": 85.0
        },
        {
            "ReceiptId": -1408261849,
            "CompletedBy": 0,
            "CustomerId": "trent_sherman",
            "CompletionTime": {
                "elapsedDays": 49,
                "time": 1331
            },
            "Items": [
                {
                    "String": "girlscoutdiamond",
                    "Int": 5
                }
            ],
            "AmountPaid": 330.0
        },
        {
            "ReceiptId": 651877010,
            "CompletedBy": 0,
            "CustomerId": "george_greene",
            "CompletionTime": {
                "elapsedDays": 49,
                "time": 1400
            },
            "Items": [
                {
                    "String": "greencrack",
                    "Int": 3
                }
            ],
            "AmountPaid": 830.0
        },
        {
            "ReceiptId": -348348465,
            "CompletedBy": 0,
            "CustomerId": "peggy_myers",
            "CompletionTime": {
                "elapsedDays": 49,
                "time": 1407
            },
            "Items": [
                {
                    "String": "nightmareballs",
                    "Int": 3
                }
            ],
            "AmountPaid": 270.0
        },
        {
            "ReceiptId": -959691587,
            "CompletedBy": 0,
            "CustomerId": "beth_penn",
            "CompletionTime": {
                "elapsedDays": 49,
                "time": 1440
            },
            "Items": [
                {
                    "String": "granddaddypurple",
                    "Int": 1
                }
            ],
            "AmountPaid": 220.0
        },
        {
            "ReceiptId": -257630651,
            "CompletedBy": 1,
            "CustomerId": "sam_thompson",
            "CompletionTime": {
                "elapsedDays": 49,
                "time": 1511
            },
            "Items": [
                {
                    "String": "greencrack",
                    "Int": 1
                },
                {
                    "String": "greencrack",
                    "Int": 1
                },
                {
                    "String": "greencrack",
                    "Int": 1
                },
                {
                    "String": "greencrack",
                    "Int": 1
                }
            ],
            "AmountPaid": 240.0
        },
        {
            "ReceiptId": -577299975,
            "CompletedBy": 0,
            "CustomerId": "kathy_henderson",
            "CompletionTime": {
                "elapsedDays": 49,
                "time": 1524
            },
            "Items": [
                {
                    "String": "granddaddypurple",
                    "Int": 2
                }
            ],
            "AmountPaid": 440.0
        },
        {
            "ReceiptId": -1395726443,
            "CompletedBy": 0,
            "CustomerId": "charles_rowland",
            "CompletionTime": {
                "elapsedDays": 49,
                "time": 1537
            },
            "Items": [
                {
                    "String": "granddaddypurple",
                    "Int": 2
                }
            ],
            "AmountPaid": 565.0
        },
        {
            "ReceiptId": 168379057,
            "CompletedBy": 1,
            "CustomerId": "ludwig_meyer",
            "CompletionTime": {
                "elapsedDays": 49,
                "time": 1547
            },
            "Items": [
                {
                    "String": "greencrack",
                    "Int": 1
                },
                {
                    "String": "greencrack",
                    "Int": 1
                },
                {
                    "String": "greencrack",
                    "Int": 1
                },
                {
                    "String": "greencrack",
                    "Int": 1
                }
            ],
            "AmountPaid": 255.0
        },
        {
            "ReceiptId": -234077630,
            "CompletedBy": 1,
            "CustomerId": "geraldine_poon",
            "CompletionTime": {
                "elapsedDays": 49,
                "time": 1552
            },
            "Items": [
                {
                    "String": "granddaddypurple",
                    "Int": 1
                },
                {
                    "String": "granddaddypurple",
                    "Int": 1
                },
                {
                    "String": "granddaddypurple",
                    "Int": 1
                },
                {
                    "String": "granddaddypurple",
                    "Int": 1
                },
                {
                    "String": "granddaddypurple",
                    "Int": 1
                }
            ],
            "AmountPaid": 635.0
        },
        {
            "ReceiptId": 662971312,
            "CompletedBy": 0,
            "CustomerId": "doris_lubbin",
            "CompletionTime": {
                "elapsedDays": 49,
                "time": 1602
            },
            "Items": [
                {
                    "String": "californiaexpress",
                    "Int": 4
                }
            ],
            "AmountPaid": 275.0
        },
        {
            "ReceiptId": -64200508,
            "CompletedBy": 1,
            "CustomerId": "chloe_bowers",
            "CompletionTime": {
                "elapsedDays": 49,
                "time": 1634
            },
            "Items": [
                {
                    "String": "greencrack",
                    "Int": 1
                },
                {
                    "String": "greencrack",
                    "Int": 1
                },
                {
                    "String": "greencrack",
                    "Int": 1
                },
                {
                    "String": "greencrack",
                    "Int": 1
                }
            ],
            "AmountPaid": 240.0
        },
        {
            "ReceiptId": -594576017,
            "CompletedBy": 0,
            "CustomerId": "jennifer_rivera",
            "CompletionTime": {
                "elapsedDays": 49,
                "time": 1635
            },
            "Items": [
                {
                    "String": "granddaddypurple",
                    "Int": 2
                }
            ],
            "AmountPaid": 565.0
        },
        {
            "ReceiptId": 688375706,
            "CompletedBy": 1,
            "CustomerId": "jerry_montero",
            "CompletionTime": {
                "elapsedDays": 49,
                "time": 1815
            },
            "Items": [
                {
                    "String": "greencrack",
                    "Int": 1
                },
                {
                    "String": "greencrack",
                    "Int": 1
                }
            ],
            "AmountPaid": 401.5
        },
        {
            "ReceiptId": -1840002795,
            "CompletedBy": 1,
            "CustomerId": "ming",
            "CompletionTime": {
                "elapsedDays": 49,
                "time": 2032
            },
            "Items": [
                {
                    "String": "greencrack",
                    "Int": 1
                },
                {
                    "String": "greencrack",
                    "Int": 1
                },
                {
                    "String": "greencrack",
                    "Int": 1
                },
                {
                    "String": "greencrack",
                    "Int": 1
                }
            ],
            "AmountPaid": 240.0
        },
        {
            "ReceiptId": -1890129558,
            "CompletedBy": 0,
            "CustomerId": "dean_webster",
            "CompletionTime": {
                "elapsedDays": 49,
                "time": 2201
            },
            "Items": [
                {
                    "String": "granddaddypurple",
                    "Int": 2
                }
            ],
            "AmountPaid": 756.0
        },
        {
            "ReceiptId": 525719173,
            "CompletedBy": 1,
            "CustomerId": "donna_martin",
            "CompletionTime": {
                "elapsedDays": 49,
                "time": 2342
            },
            "Items": [
                {
                    "String": "greencrack",
                    "Int": 1
                },
                {
                    "String": "greencrack",
                    "Int": 1
                },
                {
                    "String": "greencrack",
                    "Int": 1
                },
                {
                    "String": "greencrack",
                    "Int": 1
                }
            ],
            "AmountPaid": 288.0
        },
        {
            "ReceiptId": 1863852612,
            "CompletedBy": 1,
            "CustomerId": "keith_wagner",
            "CompletionTime": {
                "elapsedDays": 50,
                "time": 156
            },
            "Items": [
                {
                    "String": "greencrack",
                    "Int": 1
                },
                {
                    "String": "greencrack",
                    "Int": 1
                },
                {
                    "String": "greencrack",
                    "Int": 1
                },
                {
                    "String": "greencrack",
                    "Int": 1
                }
            ],
            "AmountPaid": 288.0
        },
        {
            "ReceiptId": -515282768,
            "CompletedBy": 1,
            "CustomerId": "kevin_oakley",
            "CompletionTime": {
                "elapsedDays": 50,
                "time": 835
            },
            "Items": [
                {
                    "String": "cocaine",
                    "Int": 1
                },
                {
                    "String": "cocaine",
                    "Int": 1
                },
                {
                    "String": "cocaine",
                    "Int": 1
                }
            ],
            "AmountPaid": 520.0
        },
        {
            "ReceiptId": -948196001,
            "CompletedBy": 0,
            "CustomerId": "kyle_cooley",
            "CompletionTime": {
                "elapsedDays": 50,
                "time": 844
            },
            "Items": [
                {
                    "String": "girlscoutdiamond",
                    "Int": 3
                }
            ],
            "AmountPaid": 208.0
        },
        {
            "ReceiptId": -1402868421,
            "CompletedBy": 0,
            "CustomerId": "jeff_gilmore",
            "CompletionTime": {
                "elapsedDays": 50,
                "time": 905
            },
            "Items": [
                {
                    "String": "fatsplooge",
                    "Int": 6
                }
            ],
            "AmountPaid": 405.0
        },
        {
            "ReceiptId": 1307964502,
            "CompletedBy": 0,
            "CustomerId": "meg_cooley",
            "CompletionTime": {
                "elapsedDays": 50,
                "time": 1011
            },
            "Items": [
                {
                    "String": "nightmareballs",
                    "Int": 5
                }
            ],
            "AmountPaid": 465.0
        },
        {
            "ReceiptId": 1433556047,
            "CompletedBy": 0,
            "CustomerId": "philip_wentworth",
            "CompletionTime": {
                "elapsedDays": 50,
                "time": 1101
            },
            "Items": [
                {
                    "String": "nightmareballs",
                    "Int": 7
                }
            ],
            "AmountPaid": 731.5
        },
        {
            "ReceiptId": 1879322050,
            "CompletedBy": 0,
            "CustomerId": "jennifer_rivera",
            "CompletionTime": {
                "elapsedDays": 50,
                "time": 1136
            },
            "Items": [
                {
                    "String": "nightmareballs",
                    "Int": 3
                }
            ],
            "AmountPaid": 270.0
        },
        {
            "ReceiptId": 819806520,
            "CompletedBy": 1,
            "CustomerId": "ludwig_meyer",
            "CompletionTime": {
                "elapsedDays": 50,
                "time": 1540
            },
            "Items": [
                {
                    "String": "greencrack",
                    "Int": 1
                },
                {
                    "String": "greencrack",
                    "Int": 1
                },
                {
                    "String": "greencrack",
                    "Int": 1
                },
                {
                    "String": "greencrack",
                    "Int": 1
                }
            ],
            "AmountPaid": 255.0
        },
        {
            "ReceiptId": -1170165598,
            "CompletedBy": 1,
            "CustomerId": "chloe_bowers",
            "CompletionTime": {
                "elapsedDays": 50,
                "time": 1622
            },
            "Items": [
                {
                    "String": "greencrack",
                    "Int": 1
                },
                {
                    "String": "greencrack",
                    "Int": 1
                },
                {
                    "String": "greencrack",
                    "Int": 1
                },
                {
                    "String": "greencrack",
                    "Int": 1
                }
            ],
            "AmountPaid": 240.0
        },
        {
            "ReceiptId": -410500650,
            "CompletedBy": 0,
            "CustomerId": "lucy_pennington",
            "CompletionTime": {
                "elapsedDays": 50,
                "time": 1725
            },
            "Items": [
                {
                    "String": "greencrack",
                    "Int": 2
                }
            ],
            "AmountPaid": 632.5
        },
        {
            "ReceiptId": 26600022,
            "CompletedBy": 0,
            "CustomerId": "peggy_myers",
            "CompletionTime": {
                "elapsedDays": 50,
                "time": 1806
            },
            "Items": [
                {
                    "String": "greencrack",
                    "Int": 2
                }
            ],
            "AmountPaid": 616.0
        },
        {
            "ReceiptId": 728419990,
            "CompletedBy": 0,
            "CustomerId": "austin_steiner",
            "CompletionTime": {
                "elapsedDays": 50,
                "time": 1817
            },
            "Items": [
                {
                    "String": "greencrack",
                    "Int": 2
                }
            ],
            "AmountPaid": 430.0
        },
        {
            "ReceiptId": -1395221088,
            "CompletedBy": 0,
            "CustomerId": "doris_lubbin",
            "CompletionTime": {
                "elapsedDays": 50,
                "time": 1838
            },
            "Items": [
                {
                    "String": "greencrack",
                    "Int": 2
                }
            ],
            "AmountPaid": 550.0
        },
        {
            "ReceiptId": -1152822730,
            "CompletedBy": 0,
            "CustomerId": "charles_rowland",
            "CompletionTime": {
                "elapsedDays": 50,
                "time": 1851
            },
            "Items": [
                {
                    "String": "greencrack",
                    "Int": 2
                }
            ],
            "AmountPaid": 632.5
        },
        {
            "ReceiptId": -928438021,
            "CompletedBy": 0,
            "CustomerId": "george_greene",
            "CompletionTime": {
                "elapsedDays": 50,
                "time": 1900
            },
            "Items": [
                {
                    "String": "granddaddypurple",
                    "Int": 1
                },
                {
                    "String": "granddaddypurple",
                    "Int": 1
                }
            ],
            "AmountPaid": 731.5
        },
        {
            "ReceiptId": -173968319,
            "CompletedBy": 1,
            "CustomerId": "mick_lubbin",
            "CompletionTime": {
                "elapsedDays": 50,
                "time": 2014
            },
            "Items": [
                {
                    "String": "greencrack",
                    "Int": 1
                },
                {
                    "String": "greencrack",
                    "Int": 1
                },
                {
                    "String": "greencrack",
                    "Int": 1
                }
            ],
            "AmountPaid": 425.0
        },
        {
            "ReceiptId": -542225977,
            "CompletedBy": 1,
            "CustomerId": "ming",
            "CompletionTime": {
                "elapsedDays": 50,
                "time": 2107
            },
            "Items": [
                {
                    "String": "greencrack",
                    "Int": 1
                },
                {
                    "String": "greencrack",
                    "Int": 1
                },
                {
                    "String": "greencrack",
                    "Int": 1
                },
                {
                    "String": "greencrack",
                    "Int": 1
                }
            ],
            "AmountPaid": 288.0
        },
        {
            "ReceiptId": 2036283859,
            "CompletedBy": 1,
            "CustomerId": "trent_sherman",
            "CompletionTime": {
                "elapsedDays": 50,
                "time": 2242
            },
            "Items": [
                {
                    "String": "greencrack",
                    "Int": 1
                },
                {
                    "String": "greencrack",
                    "Int": 1
                },
                {
                    "String": "greencrack",
                    "Int": 1
                },
                {
                    "String": "greencrack",
                    "Int": 1
                }
            ],
            "AmountPaid": 288.0
        },
        {
            "ReceiptId": -1630474939,
            "CompletedBy": 1,
            "CustomerId": "keith_wagner",
            "CompletionTime": {
                "elapsedDays": 51,
                "time": 111
            },
            "Items": [
                {
                    "String": "greencrack",
                    "Int": 1
                },
                {
                    "String": "greencrack",
                    "Int": 1
                },
                {
                    "String": "greencrack",
                    "Int": 1
                },
                {
                    "String": "greencrack",
                    "Int": 1
                }
            ],
            "AmountPaid": 288.0
        }
    ]
}