{
    "DataType": "ProductManagerData",
    "DataVersion": 0,
    "GameVersion": "0.4.0f5",
    "DiscoveredProducts": [
        "ogkush",
        "sourdiesel",
        "greencrack",
        "granddaddypurple",
        "californiafuel",
        "purpleassblaster",
        "thickmonkey",
        "strawberryshart",
        "pinkcookies",
        "aspensmegma",
        "megadiesel",
        "stinkydiesel",
        "nightmareballs",
        "stinkyfruit",
        "gorillaghost",
        "ultragold",
        "purpleslime",
        "meth",
        "cocaine",
        "granddaddypiss",
        "shinydurkle"
    ],
    "ListedProducts": [
        "greencrack",
        "granddaddypurple"
    ],
    "ActiveMixOperation": {
        "ProductID": "",
        "IngredientID": ""
    },
    "IsMixComplete": false,
    "MixRecipes": [
        {
            "Product": "ogkush",
            "Mixer": "flumedicine",
            "Output": "californiafuel"
        },
        {
            "Product": "energydrink",
            "Mixer": "ogkush",
            "Output": "purpleassblaster"
        },
        {
            "Product": "cuke",
            "Mixer": "ogkush",
            "Output": "thickmonkey"
        },
        {
            "Product": "energydrink",
            "Mixer": "granddaddypurple",
            "Output": "strawberryshart"
        },
        {
            "Product": "iodine",
            "Mixer": "greencrack",
            "Output": "pinkcookies"
        },
        {
            "Product": "flumedicine",
            "Mixer": "greencrack",
            "Output": "aspensmegma"
        },
        {
            "Product": "greencrack",
            "Mixer": "chili",
            "Output": "megadiesel"
        },
        {
            "Product": "megadiesel",
            "Mixer": "donut",
            "Output": "stinkydiesel"
        },
        {
            "Product": "stinkydiesel",
            "Mixer": "megabean",
            "Output": "nightmareballs"
        },
        {
            "Product": "granddaddypurple",
            "Mixer": "chili",
            "Output": "stinkyfruit"
        },
        {
            "Product": "stinkyfruit",
            "Mixer": "banana",
            "Output": "gorillaghost"
        },
        {
            "Product": "gorillaghost",
            "Mixer": "megabean",
            "Output": "ultragold"
        },
        {
            "Product": "granddaddypurple",
            "Mixer": "addy",
            "Output": "purpleslime"
        },
        {
            "Product": "donut",
            "Mixer": "greencrack",
            "Output": "granddaddypiss"
        },
        {
            "Product": "iodine",
            "Mixer": "granddaddypiss",
            "Output": "shinydurkle"
        }
    ],
    "ProductPrices": [
        {
            "String": "ogkush",
            "Int": 50
        },
        {
            "String": "sourdiesel",
            "Int": 50
        },
        {
            "String": "greencrack",
            "Int": 50
        },
        {
            "String": "granddaddypurple",
            "Int": 55
        },
        {
            "String": "meth",
            "Int": 70
        },
        {
            "String": "cocaine",
            "Int": 150
        },
        {
            "String": "californiafuel",
            "Int": 61
        },
        {
            "String": "purpleassblaster",
            "Int": 50
        },
        {
            "String": "thickmonkey",
            "Int": 60
        },
        {
            "String": "strawberryshart",
            "Int": 50
        },
        {
            "String": "pinkcookies",
            "Int": 57
        },
        {
            "String": "aspensmegma",
            "Int": 52
        },
        {
            "String": "megadiesel",
            "Int": 56
        },
        {
            "String": "stinkydiesel",
            "Int": 66
        },
        {
            "String": "nightmareballs",
            "Int": 100
        },
        {
            "String": "stinkyfruit",
            "Int": 57
        },
        {
            "String": "gorillaghost",
            "Int": 64
        },
        {
            "String": "ultragold",
            "Int": 77
        },
        {
            "String": "purpleslime",
            "Int": 57
        },
        {
            "String": "granddaddypiss",
            "Int": 52
        },
        {
            "String": "shinydurkle",
            "Int": 65
        }
    ],
    "FavouritedProducts": [
        "greencrack",
        "granddaddypurple",
        "nightmareballs"
    ],
    "CreatedWeed": [
        {
            "DataType": "WeedProductData",
            "DataVersion": 0,
            "GameVersion": "0.4.0f5",
            "Name": "California Fuel",
            "ID": "californiafuel",
            "DrugType": 0,
            "Properties": [
                "sedating",
                "brighteyed"
            ],
            "AppearanceSettings": {
                "MainColor": {
                    "r": 83,
                    "g": 88,
                    "b": 95,
                    "a": 255
                },
                "SecondaryColor": {
                    "r": 128,
                    "g": 147,
                    "b": 179,
                    "a": 255
                },
                "LeafColor": {
                    "r": 105,
                    "g": 117,
                    "b": 137,
                    "a": 255
                },
                "StemColor": {
                    "r": 66,
                    "g": 70,
                    "b": 76,
                    "a": 255
                }
            }
        },
        {
            "DataType": "WeedProductData",
            "DataVersion": 0,
            "GameVersion": "0.4.0f5",
            "Name": "Purple Assblaster",
            "ID": "purpleassblaster",
            "DrugType": 0,
            "Properties": [
                "calming",
                "athletic"
            ],
            "AppearanceSettings": {
                "MainColor": {
                    "r": 114,
                    "g": 116,
                    "b": 82,
                    "a": 255
                },
                "SecondaryColor": {
                    "r": 159,
                    "g": 171,
                    "b": 155,
                    "a": 255
                },
                "LeafColor": {
                    "r": 136,
                    "g": 143,
                    "b": 118,
                    "a": 255
                },
                "StemColor": {
                    "r": 91,
                    "g": 92,
                    "b": 65,
                    "a": 255
                }
            }
        },
        {
            "DataType": "WeedProductData",
            "DataVersion": 0,
            "GameVersion": "0.4.0f5",
            "Name": "Thick Monkey",
            "ID": "thickmonkey",
            "DrugType": 0,
            "Properties": [
                "calming",
                "energizing"
            ],
            "AppearanceSettings": {
                "MainColor": {
                    "r": 114,
                    "g": 116,
                    "b": 82,
                    "a": 255
                },
                "SecondaryColor": {
                    "r": 153,
                    "g": 164,
                    "b": 100,
                    "a": 255
                },
                "LeafColor": {
                    "r": 133,
                    "g": 140,
                    "b": 91,
                    "a": 255
                },
                "StemColor": {
                    "r": 91,
                    "g": 92,
                    "b": 65,
                    "a": 255
                }
            }
        },
        {
            "DataType": "WeedProductData",
            "DataVersion": 0,
            "GameVersion": "0.4.0f5",
            "Name": "Strawberry Shart",
            "ID": "strawberryshart",
            "DrugType": 0,
            "Properties": [
                "munchies",
                "athletic"
            ],
            "AppearanceSettings": {
                "MainColor": {
                    "r": 106,
                    "g": 101,
                    "b": 72,
                    "a": 255
                },
                "SecondaryColor": {
                    "r": 143,
                    "g": 141,
                    "b": 134,
                    "a": 255
                },
                "LeafColor": {
                    "r": 124,
                    "g": 121,
                    "b": 103,
                    "a": 255
                },
                "StemColor": {
                    "r": 84,
                    "g": 80,
                    "b": 57,
                    "a": 255
                }
            }
        },
        {
            "DataType": "WeedProductData",
            "DataVersion": 0,
            "GameVersion": "0.4.0f5",
            "Name": "Pink Cookies",
            "ID": "pinkcookies",
            "DrugType": 0,
            "Properties": [
                "energizing",
                "jennerising"
            ],
            "AppearanceSettings": {
                "MainColor": {
                    "r": 109,
                    "g": 146,
                    "b": 81,
                    "a": 255
                },
                "SecondaryColor": {
                    "r": 187,
                    "g": 182,
                    "b": 159,
                    "a": 255
                },
                "LeafColor": {
                    "r": 148,
                    "g": 164,
                    "b": 120,
                    "a": 255
                },
                "StemColor": {
                    "r": 87,
                    "g": 116,
                    "b": 64,
                    "a": 255
                }
            }
        },
        {
            "DataType": "WeedProductData",
            "DataVersion": 0,
            "GameVersion": "0.4.0f5",
            "Name": "Aspen Smegma",
            "ID": "aspensmegma",
            "DrugType": 0,
            "Properties": [
                "energizing",
                "sedating"
            ],
            "AppearanceSettings": {
                "MainColor": {
                    "r": 109,
                    "g": 146,
                    "b": 81,
                    "a": 255
                },
                "SecondaryColor": {
                    "r": 116,
                    "g": 134,
                    "b": 100,
                    "a": 255
                },
                "LeafColor": {
                    "r": 112,
                    "g": 140,
                    "b": 90,
                    "a": 255
                },
                "StemColor": {
                    "r": 87,
                    "g": 116,
                    "b": 64,
                    "a": 255
                }
            }
        },
        {
            "DataType": "WeedProductData",
            "DataVersion": 0,
            "GameVersion": "0.4.0f5",
            "Name": "Mega Diesel",
            "ID": "megadiesel",
            "DrugType": 0,
            "Properties": [
                "energizing",
                "spicy"
            ],
            "AppearanceSettings": {
                "MainColor": {
                    "r": 109,
                    "g": 146,
                    "b": 81,
                    "a": 255
                },
                "SecondaryColor": {
                    "r": 170,
                    "g": 156,
                    "b": 87,
                    "a": 255
                },
                "LeafColor": {
                    "r": 139,
                    "g": 151,
                    "b": 84,
                    "a": 255
                },
                "StemColor": {
                    "r": 87,
                    "g": 116,
                    "b": 64,
                    "a": 255
                }
            }
        },
        {
            "DataType": "WeedProductData",
            "DataVersion": 0,
            "GameVersion": "0.4.0f5",
            "Name": "Stinky Diesel",
            "ID": "stinkydiesel",
            "DrugType": 0,
            "Properties": [
                "energizing",
                "caloriedense",
                "spicy"
            ],
            "AppearanceSettings": {
                "MainColor": {
                    "r": 109,
                    "g": 146,
                    "b": 81,
                    "a": 255
                },
                "SecondaryColor": {
                    "r": 153,
                    "g": 149,
                    "b": 118,
                    "a": 255
                },
                "LeafColor": {
                    "r": 131,
                    "g": 147,
                    "b": 99,
                    "a": 255
                },
                "StemColor": {
                    "r": 87,
                    "g": 116,
                    "b": 64,
                    "a": 255
                }
            }
        },
        {
            "DataType": "WeedProductData",
            "DataVersion": 0,
            "GameVersion": "0.4.0f5",
            "Name": "Nightmare Balls",
            "ID": "nightmareballs",
            "DrugType": 0,
            "Properties": [
                "caloriedense",
                "foggy",
                "spicy",
                "cyclopean"
            ],
            "AppearanceSettings": {
                "MainColor": {
                    "r": 139,
                    "g": 109,
                    "b": 122,
                    "a": 255
                },
                "SecondaryColor": {
                    "r": 201,
                    "g": 119,
                    "b": 128,
                    "a": 255
                },
                "LeafColor": {
                    "r": 170,
                    "g": 114,
                    "b": 125,
                    "a": 255
                },
                "StemColor": {
                    "r": 111,
                    "g": 87,
                    "b": 97,
                    "a": 255
                }
            }
        },
        {
            "DataType": "WeedProductData",
            "DataVersion": 0,
            "GameVersion": "0.4.0f5",
            "Name": "Stinky Fruit",
            "ID": "stinkyfruit",
            "DrugType": 0,
            "Properties": [
                "sedating",
                "spicy"
            ],
            "AppearanceSettings": {
                "MainColor": {
                    "r": 83,
                    "g": 88,
                    "b": 95,
                    "a": 255
                },
                "SecondaryColor": {
                    "r": 145,
                    "g": 97,
                    "b": 101,
                    "a": 255
                },
                "LeafColor": {
                    "r": 114,
                    "g": 92,
                    "b": 98,
                    "a": 255
                },
                "StemColor": {
                    "r": 66,
                    "g": 70,
                    "b": 76,
                    "a": 255
                }
            }
        },
        {
            "DataType": "WeedProductData",
            "DataVersion": 0,
            "GameVersion": "0.4.0f5",
            "Name": "Gorilla Ghost",
            "ID": "gorillaghost",
            "DrugType": 0,
            "Properties": [
                "gingeritis",
                "sedating",
                "spicy"
            ],
            "AppearanceSettings": {
                "MainColor": {
                    "r": 83,
                    "g": 88,
                    "b": 95,
                    "a": 255
                },
                "SecondaryColor": {
                    "r": 136,
                    "g": 111,
                    "b": 87,
                    "a": 255
                },
                "LeafColor": {
                    "r": 109,
                    "g": 99,
                    "b": 91,
                    "a": 255
                },
                "StemColor": {
                    "r": 66,
                    "g": 70,
                    "b": 76,
                    "a": 255
                }
            }
        },
        {
            "DataType": "WeedProductData",
            "DataVersion": 0,
            "GameVersion": "0.4.0f5",
            "Name": "Ultra Gold",
            "ID": "ultragold",
            "DrugType": 0,
            "Properties": [
                "gingeritis",
                "sedating",
                "foggy",
                "spicy"
            ],
            "AppearanceSettings": {
                "MainColor": {
                    "r": 139,
                    "g": 110,
                    "b": 61,
                    "a": 255
                },
                "SecondaryColor": {
                    "r": 136,
                    "g": 111,
                    "b": 87,
                    "a": 255
                },
                "LeafColor": {
                    "r": 137,
                    "g": 110,
                    "b": 74,
                    "a": 255
                },
                "StemColor": {
                    "r": 111,
                    "g": 88,
                    "b": 48,
                    "a": 255
                }
            }
        },
        {
            "DataType": "WeedProductData",
            "DataVersion": 0,
            "GameVersion": "0.4.0f5",
            "Name": "Purple Slime",
            "ID": "purpleslime",
            "DrugType": 0,
            "Properties": [
                "gingeritis",
                "thoughtprovoking"
            ],
            "AppearanceSettings": {
                "MainColor": {
                    "r": 139,
                    "g": 110,
                    "b": 61,
                    "a": 255
                },
                "SecondaryColor": {
                    "r": 228,
                    "g": 142,
                    "b": 113,
                    "a": 255
                },
                "LeafColor": {
                    "r": 183,
                    "g": 126,
                    "b": 87,
                    "a": 255
                },
                "StemColor": {
                    "r": 111,
                    "g": 88,
                    "b": 48,
                    "a": 255
                }
            }
        },
        {
            "DataType": "WeedProductData",
            "DataVersion": 0,
            "GameVersion": "0.4.0f5",
            "Name": "Granddaddy Piss",
            "ID": "granddaddypiss",
            "DrugType": 0,
            "Properties": [
                "energizing",
                "caloriedense"
            ],
            "AppearanceSettings": {
                "MainColor": {
                    "r": 109,
                    "g": 146,
                    "b": 81,
                    "a": 255
                },
                "SecondaryColor": {
                    "r": 153,
                    "g": 149,
                    "b": 118,
                    "a": 255
                },
                "LeafColor": {
                    "r": 131,
                    "g": 147,
                    "b": 99,
                    "a": 255
                },
                "StemColor": {
                    "r": 87,
                    "g": 116,
                    "b": 64,
                    "a": 255
                }
            }
        },
        {
            "DataType": "WeedProductData",
            "DataVersion": 0,
            "GameVersion": "0.4.0f5",
            "Name": "Shiny Durkle",
            "ID": "shinydurkle",
            "DrugType": 0,
            "Properties": [
                "gingeritis",
                "energizing",
                "jennerising"
            ],
            "AppearanceSettings": {
                "MainColor": {
                    "r": 109,
                    "g": 146,
                    "b": 81,
                    "a": 255
                },
                "SecondaryColor": {
                    "r": 153,
                    "g": 150,
                    "b": 78,
                    "a": 255
                },
                "LeafColor": {
                    "r": 131,
                    "g": 148,
                    "b": 79,
                    "a": 255
                },
                "StemColor": {
                    "r": 87,
                    "g": 116,
                    "b": 64,
                    "a": 255
                }
            }
        }
    ],
    "CreatedMeth": [],
    "CreatedCocaine": [],
    "ContractReceipts": [
        {
            "ReceiptId": 148744040,
            "CompletedBy": 1,
            "CustomerId": "sam_thompson",
            "CompletionTime": {
                "elapsedDays": 37,
                "time": 1454
            },
            "Items": [
                {
                    "String": "greencrack",
                    "Int": 1
                },
                {
                    "String": "greencrack",
                    "Int": 1
                },
                {
                    "String": "greencrack",
                    "Int": 1
                },
                {
                    "String": "greencrack",
                    "Int": 1
                }
            ],
            "AmountPaid": 240.0
        },
        {
            "ReceiptId": -1211502302,
            "CompletedBy": 0,
            "CustomerId": "dean_webster",
            "CompletionTime": {
                "elapsedDays": 37,
                "time": 1459
            },
            "Items": [
                {
                    "String": "shinydurkle",
                    "Int": 2
                }
            ],
            "AmountPaid": 640.0
        },
        {
            "ReceiptId": -717340441,
            "CompletedBy": 1,
            "CustomerId": "ludwig_meyer",
            "CompletionTime": {
                "elapsedDays": 37,
                "time": 1547
            },
            "Items": [
                {
                    "String": "granddaddypurple",
                    "Int": 1
                },
                {
                    "String": "granddaddypurple",
                    "Int": 1
                },
                {
                    "String": "granddaddypurple",
                    "Int": 1
                }
            ],
            "AmountPaid": 200.0
        },
        {
            "ReceiptId": 1532340267,
            "CompletedBy": 1,
            "CustomerId": "chloe_bowers",
            "CompletionTime": {
                "elapsedDays": 37,
                "time": 1605
            },
            "Items": [
                {
                    "String": "granddaddypurple",
                    "Int": 1
                },
                {
                    "String": "granddaddypurple",
                    "Int": 1
                },
                {
                    "String": "granddaddypurple",
                    "Int": 1
                }
            ],
            "AmountPaid": 200.0
        },
        {
            "ReceiptId": 241204637,
            "CompletedBy": 1,
            "CustomerId": "jerry_montero",
            "CompletionTime": {
                "elapsedDays": 37,
                "time": 1815
            },
            "Items": [
                {
                    "String": "greencrack",
                    "Int": 1
                },
                {
                    "String": "greencrack",
                    "Int": 1
                },
                {
                    "String": "greencrack",
                    "Int": 1
                }
            ],
            "AmountPaid": 467.5
        },
        {
            "ReceiptId": -979143973,
            "CompletedBy": 0,
            "CustomerId": "peggy_myers",
            "CompletionTime": {
                "elapsedDays": 37,
                "time": 1818
            },
            "Items": [
                {
                    "String": "granddaddypurple",
                    "Int": 2
                }
            ],
            "AmountPaid": 621.5
        },
        {
            "ReceiptId": 1878991481,
            "CompletedBy": 1,
            "CustomerId": "mick_lubbin",
            "CompletionTime": {
                "elapsedDays": 37,
                "time": 2033
            },
            "Items": [
                {
                    "String": "granddaddypurple",
                    "Int": 1
                }
            ],
            "AmountPaid": 65.0
        },
        {
            "ReceiptId": -42068653,
            "CompletedBy": 0,
            "CustomerId": "beth_penn",
            "CompletionTime": {
                "elapsedDays": 37,
                "time": 2127
            },
            "Items": [
                {
                    "String": "granddaddypurple",
                    "Int": 1
                }
            ],
            "AmountPaid": 414.0
        },
        {
            "ReceiptId": 8510036,
            "CompletedBy": 1,
            "CustomerId": "ming",
            "CompletionTime": {
                "elapsedDays": 37,
                "time": 2134
            },
            "Items": [],
            "AmountPaid": 78.0
        },
        {
            "ReceiptId": 1091822722,
            "CompletedBy": 1,
            "CustomerId": "donna_martin",
            "CompletionTime": {
                "elapsedDays": 37,
                "time": 2158
            },
            "Items": [
                {
                    "String": "granddaddypurple",
                    "Int": 1
                },
                {
                    "String": "granddaddypurple",
                    "Int": 1
                },
                {
                    "String": "granddaddypurple",
                    "Int": 1
                }
            ],
            "AmountPaid": 240.0
        },
        {
            "ReceiptId": -1892715029,
            "CompletedBy": 1,
            "CustomerId": "trent_sherman",
            "CompletionTime": {
                "elapsedDays": 37,
                "time": 2354
            },
            "Items": [
                {
                    "String": "granddaddypurple",
                    "Int": 1
                }
            ],
            "AmountPaid": 78.0
        },
        {
            "ReceiptId": -1205232182,
            "CompletedBy": 1,
            "CustomerId": "keith_wagner",
            "CompletionTime": {
                "elapsedDays": 38,
                "time": 126
            },
            "Items": [
                {
                    "String": "greencrack",
                    "Int": 1
                },
                {
                    "String": "greencrack",
                    "Int": 1
                },
                {
                    "String": "greencrack",
                    "Int": 1
                },
                {
                    "String": "greencrack",
                    "Int": 1
                }
            ],
            "AmountPaid": 288.0
        },
        {
            "ReceiptId": -1906486352,
            "CompletedBy": 1,
            "CustomerId": "austin_steiner",
            "CompletionTime": {
                "elapsedDays": 38,
                "time": 851
            },
            "Items": [
                {
                    "String": "granddaddypurple",
                    "Int": 1
                }
            ],
            "AmountPaid": 335.0
        },
        {
            "ReceiptId": -1936879104,
            "CompletedBy": 1,
            "CustomerId": "kyle_cooley",
            "CompletionTime": {
                "elapsedDays": 38,
                "time": 1203
            },
            "Items": [
                {
                    "String": "granddaddypurple",
                    "Int": 1
                },
                {
                    "String": "granddaddypurple",
                    "Int": 1
                }
            ],
            "AmountPaid": 440.0
        },
        {
            "ReceiptId": 622795151,
            "CompletedBy": 0,
            "CustomerId": "joyce_ball",
            "CompletionTime": {
                "elapsedDays": 38,
                "time": 1452
            },
            "Items": [
                {
                    "String": "granddaddypurple",
                    "Int": 5
                }
            ],
            "AmountPaid": 250.0
        },
        {
            "ReceiptId": -1003966485,
            "CompletedBy": 1,
            "CustomerId": "ludwig_meyer",
            "CompletionTime": {
                "elapsedDays": 38,
                "time": 1504
            },
            "Items": [
                {
                    "String": "granddaddypurple",
                    "Int": 1
                },
                {
                    "String": "granddaddypurple",
                    "Int": 1
                },
                {
                    "String": "granddaddypurple",
                    "Int": 1
                }
            ],
            "AmountPaid": 200.0
        },
        {
            "ReceiptId": -1700578964,
            "CompletedBy": 1,
            "CustomerId": "chloe_bowers",
            "CompletionTime": {
                "elapsedDays": 38,
                "time": 1530
            },
            "Items": [
                {
                    "String": "granddaddypurple",
                    "Int": 1
                },
                {
                    "String": "granddaddypurple",
                    "Int": 1
                },
                {
                    "String": "granddaddypurple",
                    "Int": 1
                }
            ],
            "AmountPaid": 200.0
        },
        {
            "ReceiptId": 1588046615,
            "CompletedBy": 0,
            "CustomerId": "george_greene",
            "CompletionTime": {
                "elapsedDays": 38,
                "time": 1538
            },
            "Items": [
                {
                    "String": "granddaddypurple",
                    "Int": 3
                }
            ],
            "AmountPaid": 805.0
        },
        {
            "ReceiptId": 1350905330,
            "CompletedBy": 0,
            "CustomerId": "meg_cooley",
            "CompletionTime": {
                "elapsedDays": 38,
                "time": 1557
            },
            "Items": [
                {
                    "String": "granddaddypurple",
                    "Int": 1
                }
            ],
            "AmountPaid": 250.0
        },
        {
            "ReceiptId": 905295735,
            "CompletedBy": 1,
            "CustomerId": "mick_lubbin",
            "CompletionTime": {
                "elapsedDays": 38,
                "time": 2017
            },
            "Items": [
                {
                    "String": "granddaddypurple",
                    "Int": 1
                }
            ],
            "AmountPaid": 330.0
        },
        {
            "ReceiptId": -1442407244,
            "CompletedBy": 1,
            "CustomerId": "ming",
            "CompletionTime": {
                "elapsedDays": 38,
                "time": 2039
            },
            "Items": [
                {
                    "String": "granddaddypurple",
                    "Int": 1
                },
                {
                    "String": "granddaddypurple",
                    "Int": 1
                },
                {
                    "String": "granddaddypurple",
                    "Int": 1
                }
            ],
            "AmountPaid": 200.0
        },
        {
            "ReceiptId": 879332829,
            "CompletedBy": 1,
            "CustomerId": "trent_sherman",
            "CompletionTime": {
                "elapsedDays": 38,
                "time": 2227
            },
            "Items": [
                {
                    "String": "greencrack",
                    "Int": 1
                },
                {
                    "String": "greencrack",
                    "Int": 1
                },
                {
                    "String": "greencrack",
                    "Int": 1
                },
                {
                    "String": "greencrack",
                    "Int": 1
                }
            ],
            "AmountPaid": 288.0
        },
        {
            "ReceiptId": 1557476963,
            "CompletedBy": 1,
            "CustomerId": "keith_wagner",
            "CompletionTime": {
                "elapsedDays": 39,
                "time": 111
            },
            "Items": [
                {
                    "String": "granddaddypurple",
                    "Int": 1
                },
                {
                    "String": "granddaddypurple",
                    "Int": 1
                },
                {
                    "String": "granddaddypurple",
                    "Int": 1
                }
            ],
            "AmountPaid": 240.0
        },
        {
            "ReceiptId": -1982035336,
            "CompletedBy": 0,
            "CustomerId": "dean_webster",
            "CompletionTime": {
                "elapsedDays": 39,
                "time": 257
            },
            "Items": [
                {
                    "String": "granddaddypurple",
                    "Int": 2
                }
            ],
            "AmountPaid": 666.0
        },
        {
            "ReceiptId": -1538852319,
            "CompletedBy": 0,
            "CustomerId": "jerry_montero",
            "CompletionTime": {
                "elapsedDays": 39,
                "time": 311
            },
            "Items": [
                {
                    "String": "greencrack",
                    "Int": 2
                }
            ],
            "AmountPaid": 430.0
        },
        {
            "ReceiptId": -830968958,
            "CompletedBy": 0,
            "CustomerId": "peggy_myers",
            "CompletionTime": {
                "elapsedDays": 39,
                "time": 339
            },
            "Items": [
                {
                    "String": "granddaddypurple",
                    "Int": 2
                }
            ],
            "AmountPaid": 666.0
        },
        {
            "ReceiptId": 1456513,
            "CompletedBy": 1,
            "CustomerId": "austin_steiner",
            "CompletionTime": {
                "elapsedDays": 39,
                "time": 918
            },
            "Items": [
                {
                    "String": "granddaddypurple",
                    "Int": 1
                },
                {
                    "String": "granddaddypurple",
                    "Int": 1
                }
            ],
            "AmountPaid": 400.0
        },
        {
            "ReceiptId": -1770658888,
            "CompletedBy": 0,
            "CustomerId": "joyce_ball",
            "CompletionTime": {
                "elapsedDays": 39,
                "time": 1143
            },
            "Items": [
                {
                    "String": "greencrack",
                    "Int": 1
                }
            ],
            "AmountPaid": 330.0
        },
        {
            "ReceiptId": 1039630440,
            "CompletedBy": 1,
            "CustomerId": "kyle_cooley",
            "CompletionTime": {
                "elapsedDays": 39,
                "time": 1203
            },
            "Items": [
                {
                    "String": "greencrack",
                    "Int": 1
                },
                {
                    "String": "greencrack",
                    "Int": 1
                },
                {
                    "String": "greencrack",
                    "Int": 1
                }
            ],
            "AmountPaid": 467.5
        },
        {
            "ReceiptId": -775900784,
            "CompletedBy": 0,
            "CustomerId": "charles_rowland",
            "CompletionTime": {
                "elapsedDays": 39,
                "time": 1220
            },
            "Items": [
                {
                    "String": "nightmareballs",
                    "Int": 1
                }
            ],
            "AmountPaid": 450.0
        },
        {
            "ReceiptId": -947796669,
            "CompletedBy": 0,
            "CustomerId": "jerry_montero",
            "CompletionTime": {
                "elapsedDays": 39,
                "time": 1244
            },
            "Items": [
                {
                    "String": "nightmareballs",
                    "Int": 1
                }
            ],
            "AmountPaid": 450.0
        },
        {
            "ReceiptId": 1537632567,
            "CompletedBy": 0,
            "CustomerId": "ludwig_meyer",
            "CompletionTime": {
                "elapsedDays": 39,
                "time": 1313
            },
            "Items": [
                {
                    "String": "nightmareballs",
                    "Int": 1
                }
            ],
            "AmountPaid": 450.0
        },
        {
            "ReceiptId": -159941842,
            "CompletedBy": 0,
            "CustomerId": "george_greene",
            "CompletionTime": {
                "elapsedDays": 39,
                "time": 1516
            },
            "Items": [
                {
                    "String": "greencrack",
                    "Int": 3
                }
            ],
            "AmountPaid": 805.0
        },
        {
            "ReceiptId": -108018149,
            "CompletedBy": 0,
            "CustomerId": "doris_lubbin",
            "CompletionTime": {
                "elapsedDays": 39,
                "time": 1534
            },
            "Items": [
                {
                    "String": "greencrack",
                    "Int": 1
                }
            ],
            "AmountPaid": 280.0
        },
        {
            "ReceiptId": 1125421815,
            "CompletedBy": 1,
            "CustomerId": "chloe_bowers",
            "CompletionTime": {
                "elapsedDays": 39,
                "time": 1537
            },
            "Items": [
                {
                    "String": "granddaddypurple",
                    "Int": 1
                },
                {
                    "String": "granddaddypurple",
                    "Int": 1
                },
                {
                    "String": "granddaddypurple",
                    "Int": 1
                }
            ],
            "AmountPaid": 200.0
        },
        {
            "ReceiptId": 87278302,
            "CompletedBy": 1,
            "CustomerId": "mick_lubbin",
            "CompletionTime": {
                "elapsedDays": 39,
                "time": 2025
            },
            "Items": [
                {
                    "String": "granddaddypurple",
                    "Int": 1
                }
            ],
            "AmountPaid": 330.0
        },
        {
            "ReceiptId": 2005290412,
            "CompletedBy": 0,
            "CustomerId": "peggy_myers",
            "CompletionTime": {
                "elapsedDays": 39,
                "time": 2044
            },
            "Items": [
                {
                    "String": "greencrack",
                    "Int": 2
                }
            ],
            "AmountPaid": 555.0
        },
        {
            "ReceiptId": -884891400,
            "CompletedBy": 1,
            "CustomerId": "ming",
            "CompletionTime": {
                "elapsedDays": 39,
                "time": 2052
            },
            "Items": [
                {
                    "String": "granddaddypurple",
                    "Int": 1
                },
                {
                    "String": "granddaddypurple",
                    "Int": 1
                },
                {
                    "String": "granddaddypurple",
                    "Int": 1
                }
            ],
            "AmountPaid": 200.0
        },
        {
            "ReceiptId": 364766999,
            "CompletedBy": 0,
            "CustomerId": "beth_penn",
            "CompletionTime": {
                "elapsedDays": 39,
                "time": 2054
            },
            "Items": [
                {
                    "String": "granddaddypurple",
                    "Int": 1
                }
            ],
            "AmountPaid": 300.0
        },
        {
            "ReceiptId": -481240146,
            "CompletedBy": 0,
            "CustomerId": "dean_webster",
            "CompletionTime": {
                "elapsedDays": 39,
                "time": 2208
            },
            "Items": [
                {
                    "String": "greencrack",
                    "Int": 2
                }
            ],
            "AmountPaid": 738.0
        },
        {
            "ReceiptId": 215924428,
            "CompletedBy": 1,
            "CustomerId": "trent_sherman",
            "CompletionTime": {
                "elapsedDays": 39,
                "time": 2217
            },
            "Items": [
                {
                    "String": "granddaddypurple",
                    "Int": 1
                },
                {
                    "String": "granddaddypurple",
                    "Int": 1
                },
                {
                    "String": "granddaddypurple",
                    "Int": 1
                }
            ],
            "AmountPaid": 240.0
        },
        {
            "ReceiptId": -1937965519,
            "CompletedBy": 1,
            "CustomerId": "keith_wagner",
            "CompletionTime": {
                "elapsedDays": 40,
                "time": 139
            },
            "Items": [
                {
                    "String": "granddaddypurple",
                    "Int": 1
                }
            ],
            "AmountPaid": 78.0
        },
        {
            "ReceiptId": -1844917789,
            "CompletedBy": 1,
            "CustomerId": "austin_steiner",
            "CompletionTime": {
                "elapsedDays": 40,
                "time": 926
            },
            "Items": [
                {
                    "String": "granddaddypurple",
                    "Int": 1
                },
                {
                    "String": "granddaddypurple",
                    "Int": 1
                }
            ],
            "AmountPaid": 400.0
        },
        {
            "ReceiptId": -337732036,
            "CompletedBy": 0,
            "CustomerId": "jessi_waters",
            "CompletionTime": {
                "elapsedDays": 40,
                "time": 1154
            },
            "Items": [
                {
                    "String": "nightmareballs",
                    "Int": 1
                }
            ],
            "AmountPaid": 450.0
        },
        {
            "ReceiptId": 930983982,
            "CompletedBy": 1,
            "CustomerId": "kyle_cooley",
            "CompletionTime": {
                "elapsedDays": 40,
                "time": 1220
            },
            "Items": [
                {
                    "String": "granddaddypurple",
                    "Int": 1
                },
                {
                    "String": "granddaddypurple",
                    "Int": 1
                }
            ],
            "AmountPaid": 440.0
        },
        {
            "ReceiptId": -986442219,
            "CompletedBy": 0,
            "CustomerId": "george_greene",
            "CompletionTime": {
                "elapsedDays": 40,
                "time": 1339
            },
            "Items": [
                {
                    "String": "granddaddypurple",
                    "Int": 3
                }
            ],
            "AmountPaid": 800.0
        },
        {
            "ReceiptId": -319342696,
            "CompletedBy": 0,
            "CustomerId": "beth_penn",
            "CompletionTime": {
                "elapsedDays": 40,
                "time": 1424
            },
            "Items": [
                {
                    "String": "granddaddypurple",
                    "Int": 2
                }
            ],
            "AmountPaid": 440.0
        },
        {
            "ReceiptId": 1123763061,
            "CompletedBy": 0,
            "CustomerId": "ludwig_meyer",
            "CompletionTime": {
                "elapsedDays": 40,
                "time": 1438
            },
            "Items": [
                {
                    "String": "granddaddypurple",
                    "Int": 2
                }
            ],
            "AmountPaid": 440.0
        },
        {
            "ReceiptId": -1955956222,
            "CompletedBy": 1,
            "CustomerId": "chloe_bowers",
            "CompletionTime": {
                "elapsedDays": 40,
                "time": 1537
            },
            "Items": [
                {
                    "String": "granddaddypurple",
                    "Int": 1
                },
                {
                    "String": "granddaddypurple",
                    "Int": 1
                },
                {
                    "String": "granddaddypurple",
                    "Int": 1
                }
            ],
            "AmountPaid": 200.0
        },
        {
            "ReceiptId": 712981866,
            "CompletedBy": 1,
            "CustomerId": "austin_steiner",
            "CompletionTime": {
                "elapsedDays": 41,
                "time": 955
            },
            "Items": [
                {
                    "String": "greencrack",
                    "Int": 1
                },
                {
                    "String": "greencrack",
                    "Int": 1
                }
            ],
            "AmountPaid": 365.0
        }
    ]
}