{
    "DataType": "WorldStorageEntitiesData",
    "DataVersion": 0,
    "GameVersion": "0.4.0f5",
    "Entities": [
        {
            "DataType": "WorldStorageEntityData",
            "DataVersion": 0,
            "GameVersion": "0.4.0f5",
            "GUID": "f06dc62a-23b8-4223-8a10-15892f677550",
            "Contents": {
                "Items": [
                    "{\"DataType\":\"ItemData\",\"DataVersion\":0,\"GameVersion\":\"0.4.0f5\",\"ID\":\"\",\"Quantity\":0}",
                    "{\"DataType\":\"ItemData\",\"DataVersion\":0,\"GameVersion\":\"0.4.0f5\",\"ID\":\"jar\",\"Quantity\":2}",
                    "{\"DataType\":\"ItemData\",\"DataVersion\":0,\"GameVersion\":\"0.4.0f5\",\"ID\":\"\",\"Quantity\":0}",
                    "{\"DataType\":\"ItemData\",\"DataVersion\":0,\"GameVersion\":\"0.4.0f5\",\"ID\":\"\",\"Quantity\":0}",
                    "{\"DataType\":\"ItemData\",\"DataVersion\":0,\"GameVersion\":\"0.4.0f5\",\"ID\":\"\",\"Quantity\":0}"
                ],
                "SlotFilters": [
                    {
                        "Type": 0,
                        "ItemIDs": [],
                        "AllowedQualities": [
                            0,
                            1,
                            2,
                            3,
                            4
                        ]
                    },
                    {
                        "Type": 0,
                        "ItemIDs": [],
                        "AllowedQualities": [
                            0,
                            1,
                            2,
                            3,
                            4
                        ]
                    },
                    {
                        "Type": 0,
                        "ItemIDs": [],
                        "AllowedQualities": [
                            0,
                            1,
                            2,
                            3,
                            4
                        ]
                    },
                    {
                        "Type": 0,
                        "ItemIDs": [],
                        "AllowedQualities": [
                            0,
                            1,
                            2,
                            3,
                            4
                        ]
                    },
                    {
                        "Type": 0,
                        "ItemIDs": [],
                        "AllowedQualities": [
                            0,
                            1,
                            2,
                            3,
                            4
                        ]
                    }
                ]
            },
            "LastContentChangeTime": {
                "elapsedDays": 44,
                "time": 1752
            }
        },
        {
            "DataType": "WorldStorageEntityData",
            "DataVersion": 0,
            "GameVersion": "0.4.0f5",
            "GUID": "5eec8f1e-7a2e-4869-b490-f793b6975738",
            "Contents": {
                "Items": [
                    "{\"DataType\":\"ItemData\",\"DataVersion\":0,\"GameVersion\":\"0.4.0f5\",\"ID\":\"\",\"Quantity\":0}",
                    "{\"DataType\":\"ItemData\",\"DataVersion\":0,\"GameVersion\":\"0.4.0f5\",\"ID\":\"trashbag\",\"Quantity\":10}",
                    "{\"DataType\":\"ItemData\",\"DataVersion\":0,\"GameVersion\":\"0.4.0f5\",\"ID\":\"\",\"Quantity\":0}",
                    "{\"DataType\":\"ItemData\",\"DataVersion\":0,\"GameVersion\":\"0.4.0f5\",\"ID\":\"\",\"Quantity\":0}",
                    "{\"DataType\":\"ItemData\",\"DataVersion\":0,\"GameVersion\":\"0.4.0f5\",\"ID\":\"\",\"Quantity\":0}"
                ],
                "SlotFilters": [
                    {
                        "Type": 0,
                        "ItemIDs": [],
                        "AllowedQualities": [
                            0,
                            1,
                            2,
                            3,
                            4
                        ]
                    },
                    {
                        "Type": 0,
                        "ItemIDs": [],
                        "AllowedQualities": [
                            0,
                            1,
                            2,
                            3,
                            4
                        ]
                    },
                    {
                        "Type": 0,
                        "ItemIDs": [],
                        "AllowedQualities": [
                            0,
                            1,
                            2,
                            3,
                            4
                        ]
                    },
                    {
                        "Type": 0,
                        "ItemIDs": [],
                        "AllowedQualities": [
                            0,
                            1,
                            2,
                            3,
                            4
                        ]
                    },
                    {
                        "Type": 0,
                        "ItemIDs": [],
                        "AllowedQualities": [
                            0,
                            1,
                            2,
                            3,
                            4
                        ]
                    }
                ]
            },
            "LastContentChangeTime": {
                "elapsedDays": 46,
                "time": 949
            }
        },
        {
            "DataType": "WorldStorageEntityData",
            "DataVersion": 0,
            "GameVersion": "0.4.0f5",
            "GUID": "a59fa8dc-f97a-4767-8e5d-0ccd8e373f53",
            "Contents": {
                "Items": [
                    "{\"DataType\":\"ItemData\",\"DataVersion\":0,\"GameVersion\":\"0.4.0f5\",\"ID\":\"\",\"Quantity\":0}",
                    "{\"DataType\":\"ItemData\",\"DataVersion\":0,\"GameVersion\":\"0.4.0f5\",\"ID\":\"\",\"Quantity\":0}",
                    "{\"DataType\":\"ItemData\",\"DataVersion\":0,\"GameVersion\":\"0.4.0f5\",\"ID\":\"\",\"Quantity\":0}",
                    "{\"DataType\":\"ItemData\",\"DataVersion\":0,\"GameVersion\":\"0.4.0f5\",\"ID\":\"\",\"Quantity\":0}",
                    "{\"DataType\":\"ItemData\",\"DataVersion\":0,\"GameVersion\":\"0.4.0f5\",\"ID\":\"baggie\",\"Quantity\":2}"
                ],
                "SlotFilters": [
                    {
                        "Type": 0,
                        "ItemIDs": [],
                        "AllowedQualities": [
                            0,
                            1,
                            2,
                            3,
                            4
                        ]
                    },
                    {
                        "Type": 0,
                        "ItemIDs": [],
                        "AllowedQualities": [
                            0,
                            1,
                            2,
                            3,
                            4
                        ]
                    },
                    {
                        "Type": 0,
                        "ItemIDs": [],
                        "AllowedQualities": [
                            0,
                            1,
                            2,
                            3,
                            4
                        ]
                    },
                    {
                        "Type": 0,
                        "ItemIDs": [],
                        "AllowedQualities": [
                            0,
                            1,
                            2,
                            3,
                            4
                        ]
                    },
                    {
                        "Type": 0,
                        "ItemIDs": [],
                        "AllowedQualities": [
                            0,
                            1,
                            2,
                            3,
                            4
                        ]
                    }
                ]
            },
            "LastContentChangeTime": {
                "elapsedDays": 44,
                "time": 1752
            }
        },
        {
            "DataType": "WorldStorageEntityData",
            "DataVersion": 0,
            "GameVersion": "0.4.0f5",
            "GUID": "f8eda06d-235f-4ba6-ab49-a8c84c7c6dba",
            "Contents": {
                "Items": [
                    "{\"DataType\":\"ItemData\",\"DataVersion\":0,\"GameVersion\":\"0.4.0f5\",\"ID\":\"potsprinkler\",\"Quantity\":1}",
                    "{\"DataType\":\"ItemData\",\"DataVersion\":0,\"GameVersion\":\"0.4.0f5\",\"ID\":\"soilpourer\",\"Quantity\":1}",
                    "{\"DataType\":\"ItemData\",\"DataVersion\":0,\"GameVersion\":\"0.4.0f5\",\"ID\":\"\",\"Quantity\":0}",
                    "{\"DataType\":\"ItemData\",\"DataVersion\":0,\"GameVersion\":\"0.4.0f5\",\"ID\":\"\",\"Quantity\":0}",
                    "{\"DataType\":\"ItemData\",\"DataVersion\":0,\"GameVersion\":\"0.4.0f5\",\"ID\":\"\",\"Quantity\":0}"
                ],
                "SlotFilters": [
                    {
                        "Type": 0,
                        "ItemIDs": [],
                        "AllowedQualities": [
                            0,
                            1,
                            2,
                            3,
                            4
                        ]
                    },
                    {
                        "Type": 0,
                        "ItemIDs": [],
                        "AllowedQualities": [
                            0,
                            1,
                            2,
                            3,
                            4
                        ]
                    },
                    {
                        "Type": 0,
                        "ItemIDs": [],
                        "AllowedQualities": [
                            0,
                            1,
                            2,
                            3,
                            4
                        ]
                    },
                    {
                        "Type": 0,
                        "ItemIDs": [],
                        "AllowedQualities": [
                            0,
                            1,
                            2,
                            3,
                            4
                        ]
                    },
                    {
                        "Type": 0,
                        "ItemIDs": [],
                        "AllowedQualities": [
                            0,
                            1,
                            2,
                            3,
                            4
                        ]
                    }
                ]
            },
            "LastContentChangeTime": {
                "elapsedDays": 46,
                "time": 230
            }
        }
    ]
}