{
    "DataType": "WorldStorageEntitiesData",
    "DataVersion": 0,
    "GameVersion": "0.4.0f5",
    "Entities": [
        {
            "DataType": "WorldStorageEntityData",
            "DataVersion": 0,
            "GameVersion": "0.4.0f5",
            "GUID": "f06dc62a-23b8-4223-8a10-15892f677550",
            "Contents": {
                "Items": [
                    "{\"DataType\":\"ItemData\",\"DataVersion\":0,\"GameVersion\":\"0.4.0f5\",\"ID\":\"\",\"Quantity\":0}",
                    "{\"DataType\":\"ItemData\",\"DataVersion\":0,\"GameVersion\":\"0.4.0f5\",\"ID\":\"jar\",\"Quantity\":2}",
                    "{\"DataType\":\"ItemData\",\"DataVersion\":0,\"GameVersion\":\"0.4.0f5\",\"ID\":\"\",\"Quantity\":0}",
                    "{\"DataType\":\"ItemData\",\"DataVersion\":0,\"GameVersion\":\"0.4.0f5\",\"ID\":\"\",\"Quantity\":0}",
                    "{\"DataType\":\"ItemData\",\"DataVersion\":0,\"GameVersion\":\"0.4.0f5\",\"ID\":\"\",\"Quantity\":0}"
                ],
                "SlotFilters": [
                    {
                        "Type": 0,
                        "ItemIDs": [],
                        "AllowedQualities": [
                            0,
                            1,
                            2,
                            3,
                            4
                        ]
                    },
                    {
                        "Type": 0,
                        "ItemIDs": [],
                        "AllowedQualities": [
                            0,
                            1,
                            2,
                            3,
                            4
                        ]
                    },
                    {
                        "Type": 0,
                        "ItemIDs": [],
                        "AllowedQualities": [
                            0,
                            1,
                            2,
                            3,
                            4
                        ]
                    },
                    {
                        "Type": 0,
                        "ItemIDs": [],
                        "AllowedQualities": [
                            0,
                            1,
                            2,
                            3,
                            4
                        ]
                    },
                    {
                        "Type": 0,
                        "ItemIDs": [],
                        "AllowedQualities": [
                            0,
                            1,
                            2,
                            3,
                            4
                        ]
                    }
                ]
            },
            "LastContentChangeTime": {
                "elapsedDays": 31,
                "time": 1311
            }
        },
        {
            "DataType": "WorldStorageEntityData",
            "DataVersion": 0,
            "GameVersion": "0.4.0f5",
            "GUID": "5eec8f1e-7a2e-4869-b490-f793b6975738",
            "Contents": {
                "Items": [
                    "{\"DataType\":\"ItemData\",\"DataVersion\":0,\"GameVersion\":\"0.4.0f5\",\"ID\":\"fertilizer\",\"Quantity\":1}",
                    "{\"DataType\":\"ItemData\",\"DataVersion\":0,\"GameVersion\":\"0.4.0f5\",\"ID\":\"\",\"Quantity\":0}",
                    "{\"DataType\":\"ItemData\",\"DataVersion\":0,\"GameVersion\":\"0.4.0f5\",\"ID\":\"\",\"Quantity\":0}",
                    "{\"DataType\":\"ItemData\",\"DataVersion\":0,\"GameVersion\":\"0.4.0f5\",\"ID\":\"\",\"Quantity\":0}",
                    "{\"DataType\":\"ItemData\",\"DataVersion\":0,\"GameVersion\":\"0.4.0f5\",\"ID\":\"\",\"Quantity\":0}"
                ],
                "SlotFilters": [
                    {
                        "Type": 0,
                        "ItemIDs": [],
                        "AllowedQualities": [
                            0,
                            1,
                            2,
                            3,
                            4
                        ]
                    },
                    {
                        "Type": 0,
                        "ItemIDs": [],
                        "AllowedQualities": [
                            0,
                            1,
                            2,
                            3,
                            4
                        ]
                    },
                    {
                        "Type": 0,
                        "ItemIDs": [],
                        "AllowedQualities": [
                            0,
                            1,
                            2,
                            3,
                            4
                        ]
                    },
                    {
                        "Type": 0,
                        "ItemIDs": [],
                        "AllowedQualities": [
                            0,
                            1,
                            2,
                            3,
                            4
                        ]
                    },
                    {
                        "Type": 0,
                        "ItemIDs": [],
                        "AllowedQualities": [
                            0,
                            1,
                            2,
                            3,
                            4
                        ]
                    }
                ]
            },
            "LastContentChangeTime": {
                "elapsedDays": 31,
                "time": 1311
            }
        },
        {
            "DataType": "WorldStorageEntityData",
            "DataVersion": 0,
            "GameVersion": "0.4.0f5",
            "GUID": "a59fa8dc-f97a-4767-8e5d-0ccd8e373f53",
            "Contents": {
                "Items": [
                    "{\"DataType\":\"ItemData\",\"DataVersion\":0,\"GameVersion\":\"0.4.0f5\",\"ID\":\"\",\"Quantity\":0}",
                    "{\"DataType\":\"ItemData\",\"DataVersion\":0,\"GameVersion\":\"0.4.0f5\",\"ID\":\"\",\"Quantity\":0}",
                    "{\"DataType\":\"ItemData\",\"DataVersion\":0,\"GameVersion\":\"0.4.0f5\",\"ID\":\"\",\"Quantity\":0}",
                    "{\"DataType\":\"ItemData\",\"DataVersion\":0,\"GameVersion\":\"0.4.0f5\",\"ID\":\"\",\"Quantity\":0}",
                    "{\"DataType\":\"ItemData\",\"DataVersion\":0,\"GameVersion\":\"0.4.0f5\",\"ID\":\"baggie\",\"Quantity\":2}"
                ],
                "SlotFilters": [
                    {
                        "Type": 0,
                        "ItemIDs": [],
                        "AllowedQualities": [
                            0,
                            1,
                            2,
                            3,
                            4
                        ]
                    },
                    {
                        "Type": 0,
                        "ItemIDs": [],
                        "AllowedQualities": [
                            0,
                            1,
                            2,
                            3,
                            4
                        ]
                    },
                    {
                        "Type": 0,
                        "ItemIDs": [],
                        "AllowedQualities": [
                            0,
                            1,
                            2,
                            3,
                            4
                        ]
                    },
                    {
                        "Type": 0,
                        "ItemIDs": [],
                        "AllowedQualities": [
                            0,
                            1,
                            2,
                            3,
                            4
                        ]
                    },
                    {
                        "Type": 0,
                        "ItemIDs": [],
                        "AllowedQualities": [
                            0,
                            1,
                            2,
                            3,
                            4
                        ]
                    }
                ]
            },
            "LastContentChangeTime": {
                "elapsedDays": 31,
                "time": 1311
            }
        },
        {
            "DataType": "WorldStorageEntityData",
            "DataVersion": 0,
            "GameVersion": "0.4.0f5",
            "GUID": "35c1574a-d7db-4712-9745-4e219d9918e6",
            "Contents": {
                "Items": [
                    "{\"DataType\":\"ItemData\",\"DataVersion\":0,\"GameVersion\":\"0.4.0f5\",\"ID\":\"viagor\",\"Quantity\":11}",
                    "{\"DataType\":\"ItemData\",\"DataVersion\":0,\"GameVersion\":\"0.4.0f5\",\"ID\":\"paracetamol\",\"Quantity\":1}",
                    "{\"DataType\":\"ItemData\",\"DataVersion\":0,\"GameVersion\":\"0.4.0f5\",\"ID\":\"banana\",\"Quantity\":10}",
                    "{\"DataType\":\"ItemData\",\"DataVersion\":0,\"GameVersion\":\"0.4.0f5\",\"ID\":\"\",\"Quantity\":0}",
                    "{\"DataType\":\"ItemData\",\"DataVersion\":0,\"GameVersion\":\"0.4.0f5\",\"ID\":\"\",\"Quantity\":0}"
                ],
                "SlotFilters": [
                    {
                        "Type": 0,
                        "ItemIDs": [],
                        "AllowedQualities": [
                            0,
                            1,
                            2,
                            3,
                            4
                        ]
                    },
                    {
                        "Type": 0,
                        "ItemIDs": [],
                        "AllowedQualities": [
                            0,
                            1,
                            2,
                            3,
                            4
                        ]
                    },
                    {
                        "Type": 0,
                        "ItemIDs": [],
                        "AllowedQualities": [
                            0,
                            1,
                            2,
                            3,
                            4
                        ]
                    },
                    {
                        "Type": 0,
                        "ItemIDs": [],
                        "AllowedQualities": [
                            0,
                            1,
                            2,
                            3,
                            4
                        ]
                    },
                    {
                        "Type": 0,
                        "ItemIDs": [],
                        "AllowedQualities": [
                            0,
                            1,
                            2,
                            3,
                            4
                        ]
                    }
                ]
            },
            "LastContentChangeTime": {
                "elapsedDays": 37,
                "time": 2031
            }
        }
    ]
}