{
    "Gender": 0,
    "Weight": 0.0,
    "SkinColor": {
        "r": 0.2199999988079071,
        "g": 0.1899999976158142,
        "b": 0.1599999964237213,
        "a": 1.0
    },
    "HairStyle": "Avatar/Hair/Franklin/Franklin",
    "HairColor": {
        "r": 0.07000000029802323,
        "g": 0.07000000029802323,
        "b": 0.07000000029802323,
        "a": 1.0
    },
    "Mouth": "Avatar/Layers/Face/Face_SlightSmile",
    "FacialHair": "Avatar/Layers/Face/FacialHair_Goatee",
    "FacialDetails": "",
    "FacialDetailsIntensity": 0.3709677457809448,
    "EyeballColor": {
        "r": 1.0,
        "g": 0.6499999761581421,
        "b": 0.6499999761581421,
        "a": 1.0
    },
    "UpperEyeLidRestingPosition": 0.5,
    "LowerEyeLidRestingPosition": 0.5,
    "PupilDilation": 0.75,
    "EyebrowScale": 1.0,
    "EyebrowThickness": 1.0,
    "EyebrowRestingHeight": 0.0,
    "EyebrowRestingAngle": 0.0,
    "Top": "Avatar/Layers/Top/T-Shirt",
    "TopColor": {
        "r": 0.17000000178813935,
        "g": 0.20999999344348908,
        "b": 0.4000000059604645,
        "a": 1.0
    },
    "Bottom": "Avatar/Layers/Bottom/Jeans",
    "BottomColor": {
        "r": 0.23000000417232514,
        "g": 0.23000000417232514,
        "b": 0.23000000417232514,
        "a": 1.0
    },
    "Shoes": "Avatar/Accessories/Feet/Sneakers/Sneakers",
    "ShoesColor": {
        "r": 0.47999998927116396,
        "g": 0.3199999928474426,
        "b": 0.2199999988079071,
        "a": 1.0
    },
    "Headwear": "",
    "HeadwearColor": {
        "r": 1.0,
        "g": 1.0,
        "b": 1.0,
        "a": 1.0
    },
    "Eyewear": "",
    "EyewearColor": {
        "r": 0.0,
        "g": 0.0,
        "b": 0.0,
        "a": 0.0
    },
    "Tattoos": [
        "Avatar/Layers/Tattoos/Face/Face_ForeheadCross",
        "Avatar/Layers/Tattoos/Chest/Chest_Sword",
        "Avatar/Layers/Tattoos/LeftArm/LeftArm_Web",
        "Avatar/Layers/Tattoos/RightArm/RightArm_Heart"
    ]
}