{
    "Gender": 0,
    "Weight": 0.1826035976409912,
    "SkinColor": {
        "r": 0.9599999785423279,
        "g": 0.8700000047683716,
        "b": 0.7900000214576721,
        "a": 1.0
    },
    "HairStyle": "Avatar/Hair/BuzzCut/BuzzCut",
    "HairColor": {
        "r": 0.38999998569488528,
        "g": 0.2800000011920929,
        "b": 0.1899999976158142,
        "a": 1.0
    },
    "Mouth": "Avatar/Layers/Face/Face_NeutralPout",
    "FacialHair": "Avatar/Layers/Face/FacialHair_Goatee",
    "FacialDetails": "Avatar/Layers/Face/OldPersonWrinkles",
    "FacialDetailsIntensity": 0.3657833933830261,
    "EyeballColor": {
        "r": 1.0,
        "g": 1.0,
        "b": 1.0,
        "a": 1.0
    },
    "UpperEyeLidRestingPosition": 1.0,
    "LowerEyeLidRestingPosition": 0.5512672662734985,
    "PupilDilation": 0.5616359114646912,
    "EyebrowScale": 1.1086981296539307,
    "EyebrowThickness": 1.5737324953079224,
    "EyebrowRestingHeight": 0.16589868068695069,
    "EyebrowRestingAngle": 2.1428565979003908,
    "Top": "Avatar/Layers/Top/T-Shirt",
    "TopColor": {
        "r": 1.0,
        "g": 1.0,
        "b": 1.0,
        "a": 1.0
    },
    "Bottom": "Avatar/Layers/Bottom/Jeans",
    "BottomColor": {
        "r": 0.15000000596046449,
        "g": 0.15000000596046449,
        "b": 0.15000000596046449,
        "a": 1.0
    },
    "Shoes": "Avatar/Accessories/Feet/Sneakers/Sneakers",
    "ShoesColor": {
        "r": 1.0,
        "g": 1.0,
        "b": 1.0,
        "a": 1.0
    },
    "Headwear": "",
    "HeadwearColor": {
        "r": 1.0,
        "g": 1.0,
        "b": 1.0,
        "a": 1.0
    },
    "Eyewear": "",
    "EyewearColor": {
        "r": 0.0,
        "g": 0.0,
        "b": 0.0,
        "a": 0.0
    },
    "Tattoos": []
}