{
    "Items": [
        "{\"DataType\":\"ClothingData\",\"DataVersion\":0,\"GameVersion\":\"0.4.0f5\",\"ID\":\"sneakers\",\"Quantity\":1,\"Color\":0}",
        "{\"DataType\":\"ClothingData\",\"DataVersion\":0,\"GameVersion\":\"0.4.0f5\",\"ID\":\"jeans\",\"Quantity\":1,\"Color\":4}",
        "{\"DataType\":\"ClothingData\",\"DataVersion\":0,\"GameVersion\":\"0.4.0f5\",\"ID\":\"belt\",\"Quantity\":1,\"Color\":4}",
        "{\"DataType\":\"ClothingData\",\"DataVersion\":0,\"GameVersion\":\"0.4.0f5\",\"ID\":\"buttonup\",\"Quantity\":1,\"Color\":0}",
        "{\"DataType\":\"ClothingData\",\"DataVersion\":0,\"GameVersion\":\"0.4.0f5\",\"ID\":\"blazer\",\"Quantity\":1,\"Color\":4}",
        "{\"DataType\":\"ItemData\",\"DataVersion\":0,\"GameVersion\":\"0.4.0f5\",\"ID\":\"\",\"Quantity\":0}",
        "{\"DataType\":\"ItemData\",\"DataVersion\":0,\"GameVersion\":\"0.4.0f5\",\"ID\":\"\",\"Quantity\":0}",
        "{\"DataType\":\"ClothingData\",\"DataVersion\":0,\"GameVersion\":\"0.4.0f5\",\"ID\":\"smallroundglasses\",\"Quantity\":1,\"Color\":4}",
        "{\"DataType\":\"ClothingData\",\"DataVersion\":0,\"GameVersion\":\"0.4.0f5\",\"ID\":\"porkpiehat\",\"Quantity\":1,\"Color\":10}",
        "{\"DataType\":\"ItemData\",\"DataVersion\":0,\"GameVersion\":\"0.4.0f5\",\"ID\":\"\",\"Quantity\":0}"
    ],
    "SlotFilters": [
        {
            "Type": 0,
            "ItemIDs": [],
            "AllowedQualities": [
                0,
                1,
                2,
                3,
                4
            ]
        },
        {
            "Type": 0,
            "ItemIDs": [],
            "AllowedQualities": [
                0,
                1,
                2,
                3,
                4
            ]
        },
        {
            "Type": 0,
            "ItemIDs": [],
            "AllowedQualities": [
                0,
                1,
                2,
                3,
                4
            ]
        },
        {
            "Type": 0,
            "ItemIDs": [],
            "AllowedQualities": [
                0,
                1,
                2,
                3,
                4
            ]
        },
        {
            "Type": 0,
            "ItemIDs": [],
            "AllowedQualities": [
                0,
                1,
                2,
                3,
                4
            ]
        },
        {
            "Type": 0,
            "ItemIDs": [],
            "AllowedQualities": [
                0,
                1,
                2,
                3,
                4
            ]
        },
        {
            "Type": 0,
            "ItemIDs": [],
            "AllowedQualities": [
                0,
                1,
                2,
                3,
                4
            ]
        },
        {
            "Type": 0,
            "ItemIDs": [],
            "AllowedQualities": [
                0,
                1,
                2,
                3,
                4
            ]
        },
        {
            "Type": 0,
            "ItemIDs": [],
            "AllowedQualities": [
                0,
                1,
                2,
                3,
                4
            ]
        },
        {
            "Type": 0,
            "ItemIDs": [],
            "AllowedQualities": [
                0,
                1,
                2,
                3,
                4
            ]
        }
    ]
}