{
    "DataType": "VariableCollectionData",
    "DataVersion": 0,
    "GameVersion": "0.4.0f5",
    "Variables": [
        {
            "DataType": "VariableData",
            "DataVersion": 0,
            "GameVersion": "0.4.0f5",
            "Name": "Sleep_Count",
            "Value": "0"
        },
        {
            "DataType": "VariableData",
            "DataVersion": 0,
            "GameVersion": "0.4.0f5",
            "Name": "Inventory_Weed_Count",
            "Value": "0"
        },
        {
            "DataType": "VariableData",
            "DataVersion": 0,
            "GameVersion": "0.4.0f5",
            "Name": "Inventory_Trimmers",
            "Value": "0"
        },
        {
            "DataType": "VariableData",
            "DataVersion": 0,
            "GameVersion": "0.4.0f5",
            "Name": "Inventory_WateringCan",
            "Value": "0"
        },
        {
            "DataType": "VariableData",
            "DataVersion": 0,
            "GameVersion": "0.4.0f5",
            "Name": "Inventory_GrowTent",
            "Value": "0"
        },
        {
            "DataType": "VariableData",
            "DataVersion": 0,
            "GameVersion": "0.4.0f5",
            "Name": "Dan_Greeting_Done",
            "Value": "True"
        },
        {
            "DataType": "VariableData",
            "DataVersion": 0,
            "GameVersion": "0.4.0f5",
            "Name": "BodySearchTutorialDone",
            "Value": "False"
        },
        {
            "DataType": "VariableData",
            "DataVersion": 0,
            "GameVersion": "0.4.0f5",
            "Name": "BaseballBatPickedUp",
            "Value": "False"
        },
        {
            "DataType": "VariableData",
            "DataVersion": 0,
            "GameVersion": "0.4.0f5",
            "Name": "PickupTutorialDone",
            "Value": "True"
        },
        {
            "DataType": "VariableData",
            "DataVersion": 0,
            "GameVersion": "0.4.0f5",
            "Name": "InputHintsTutorialDone",
            "Value": "False"
        },
        {
            "DataType": "VariableData",
            "DataVersion": 0,
            "GameVersion": "0.4.0f5",
            "Name": "MixingHintsShown",
            "Value": "True"
        },
        {
            "DataType": "VariableData",
            "DataVersion": 0,
            "GameVersion": "0.4.0f5",
            "Name": "PickpocketTutorialDone",
            "Value": "False"
        },
        {
            "DataType": "VariableData",
            "DataVersion": 0,
            "GameVersion": "0.4.0f5",
            "Name": "ItemAmountSelectionTutorialDone",
            "Value": "False"
        },
        {
            "DataType": "VariableData",
            "DataVersion": 0,
            "GameVersion": "0.4.0f5",
            "Name": "PackagingStationMk2TutorialDone",
            "Value": "True"
        },
        {
            "DataType": "VariableData",
            "DataVersion": 0,
            "GameVersion": "0.4.0f5",
            "Name": "StanGreeted",
            "Value": "True"
        },
        {
            "DataType": "VariableData",
            "DataVersion": 0,
            "GameVersion": "0.4.0f5",
            "Name": "OscarGreeted",
            "Value": "True"
        },
        {
            "DataType": "VariableData",
            "DataVersion": 0,
            "GameVersion": "0.4.0f5",
            "Name": "FixerGreeted",
            "Value": "True"
        },
        {
            "DataType": "VariableData",
            "DataVersion": 0,
            "GameVersion": "0.4.0f5",
            "Name": "RayGreeted",
            "Value": "True"
        },
        {
            "DataType": "VariableData",
            "DataVersion": 0,
            "GameVersion": "0.4.0f5",
            "Name": "JeremyGreeted",
            "Value": "True"
        },
        {
            "DataType": "VariableData",
            "DataVersion": 0,
            "GameVersion": "0.4.0f5",
            "Name": "MarcoGreeted",
            "Value": "True"
        },
        {
            "DataType": "VariableData",
            "DataVersion": 0,
            "GameVersion": "0.4.0f5",
            "Name": "TrashRecycled",
            "Value": "0"
        },
        {
            "DataType": "VariableData",
            "DataVersion": 0,
            "GameVersion": "0.4.0f5",
            "Name": "PawnShopAngeredToday",
            "Value": "False"
        }
    ]
}