{
    "DataType": "BusinessData",
    "DataVersion": 0,
    "GameVersion": "0.4.0f5",
    "PropertyCode": "laundromat",
    "IsOwned": true,
    "SwitchStates": [],
    "ToggleableStates": [],
    "Employees": [],
    "Objects": [
        {
            "DataType": "GridItemData",
            "DataVersion": 0,
            "GameVersion": "0.4.0f5",
            "BaseData": "{\"DataType\":\"GridItemData\",\"DataVersion\":0,\"GameVersion\":\"0.4.0f5\",\"GUID\":\"8ffd1dac-dba6-4ab6-aa3c-94e7caf1ae37\",\"ItemString\":\"{\\n    \\\"DataType\\\": \\\"ItemData\\\",\\n    \\\"DataVersion\\\": 0,\\n    \\\"GameVersion\\\": \\\"0.4.0f5\\\",\\n    \\\"ID\\\": \\\"launderingstation\\\",\\n    \\\"Quantity\\\": 1\\n}\",\"LoadOrder\":0,\"GridGUID\":\"f83a9d8f-a82d-4c91-8c09-12e0a41aefa7\",\"OriginCoordinate\":{\"x\":3.0,\"y\":10.0},\"Rotation\":180}",
            "AdditionalDatas": []
        },
        {
            "DataType": "PlaceableStorageData",
            "DataVersion": 0,
            "GameVersion": "0.4.0f5",
            "BaseData": "{\"DataType\":\"PlaceableStorageData\",\"DataVersion\":0,\"GameVersion\":\"0.4.0f5\",\"GUID\":\"c42d8495-79b7-4dd6-9bae-715e5197821f\",\"ItemString\":\"{\\n    \\\"DataType\\\": \\\"ItemData\\\",\\n    \\\"DataVersion\\\": 0,\\n    \\\"GameVersion\\\": \\\"0.4.0f5\\\",\\n    \\\"ID\\\": \\\"mediumstoragerack\\\",\\n    \\\"Quantity\\\": 1\\n}\",\"LoadOrder\":0,\"GridGUID\":\"f83a9d8f-a82d-4c91-8c09-12e0a41aefa7\",\"OriginCoordinate\":{\"x\":0.0,\"y\":2.0},\"Rotation\":-90,\"Contents\":{\"Items\":[\"{\\\"DataType\\\":\\\"ItemData\\\",\\\"DataVersion\\\":0,\\\"GameVersion\\\":\\\"0.4.0f5\\\",\\\"ID\\\":\\\"\\\",\\\"Quantity\\\":0}\",\"{\\\"DataType\\\":\\\"ItemData\\\",\\\"DataVersion\\\":0,\\\"GameVersion\\\":\\\"0.4.0f5\\\",\\\"ID\\\":\\\"\\\",\\\"Quantity\\\":0}\",\"{\\\"DataType\\\":\\\"ItemData\\\",\\\"DataVersion\\\":0,\\\"GameVersion\\\":\\\"0.4.0f5\\\",\\\"ID\\\":\\\"\\\",\\\"Quantity\\\":0}\",\"{\\\"DataType\\\":\\\"ItemData\\\",\\\"DataVersion\\\":0,\\\"GameVersion\\\":\\\"0.4.0f5\\\",\\\"ID\\\":\\\"\\\",\\\"Quantity\\\":0}\",\"{\\\"DataType\\\":\\\"ItemData\\\",\\\"DataVersion\\\":0,\\\"GameVersion\\\":\\\"0.4.0f5\\\",\\\"ID\\\":\\\"\\\",\\\"Quantity\\\":0}\",\"{\\\"DataType\\\":\\\"ItemData\\\",\\\"DataVersion\\\":0,\\\"GameVersion\\\":\\\"0.4.0f5\\\",\\\"ID\\\":\\\"\\\",\\\"Quantity\\\":0}\"],\"SlotFilters\":[{\"Type\":0,\"ItemIDs\":[],\"AllowedQualities\":[0,1,2,3,4]},{\"Type\":0,\"ItemIDs\":[],\"AllowedQualities\":[0,1,2,3,4]},{\"Type\":0,\"ItemIDs\":[],\"AllowedQualities\":[0,1,2,3,4]},{\"Type\":0,\"ItemIDs\":[],\"AllowedQualities\":[0,1,2,3,4]},{\"Type\":0,\"ItemIDs\":[],\"AllowedQualities\":[0,1,2,3,4]},{\"Type\":0,\"ItemIDs\":[],\"AllowedQualities\":[0,1,2,3,4]}]}}",
            "AdditionalDatas": []
        }
    ],
    "LaunderingOperations": []
}