{
    "DataType": "PropertyData",
    "DataVersion": 0,
    "GameVersion": "0.4.0f5",
    "PropertyCode": "storageunit",
    "IsOwned": true,
    "SwitchStates": [
        true
    ],
    "ToggleableStates": [],
    "Employees": [
        {
            "DataType": "BotanistData",
            "DataVersion": 0,
            "GameVersion": "0.4.0f5",
            "BaseData": "{\"DataType\":\"BotanistData\",\"DataVersion\":0,\"GameVersion\":\"0.4.0f5\",\"ID\":\"michael_young\",\"AssignedProperty\":\"storageunit\",\"FirstName\":\"Michael\",\"LastName\":\"Young\",\"IsMale\":true,\"AppearanceIndex\":4,\"Position\":{\"x\":-5.944643974304199,\"y\":0.09000039100646973,\"z\":111.13101959228516},\"Rotation\":{\"x\":0.0,\"y\":-0.9998286366462708,\"z\":0.0,\"w\":0.018513593822717668},\"GUID\":\"ca7c5e61-e5e8-483d-a0d1-99340a587e69\",\"PaidForToday\":true,\"MoveItemData\":{\"TemplateItemJSON\":\"\",\"GrabbedItemQuantity\":0,\"SourceGUID\":\"\",\"DestinationGUID\":\"\"}}",
            "AdditionalDatas": [
                {
                    "Name": "Inventory",
                    "Contents": "{\n    \"Items\": [\n        \"{\\\"DataType\\\":\\\"ItemData\\\",\\\"DataVersion\\\":0,\\\"GameVersion\\\":\\\"0.4.0f5\\\",\\\"ID\\\":\\\"\\\",\\\"Quantity\\\":0}\",\n        \"{\\\"DataType\\\":\\\"ItemData\\\",\\\"DataVersion\\\":0,\\\"GameVersion\\\":\\\"0.4.0f5\\\",\\\"ID\\\":\\\"\\\",\\\"Quantity\\\":0}\",\n        \"{\\\"DataType\\\":\\\"ItemData\\\",\\\"DataVersion\\\":0,\\\"GameVersion\\\":\\\"0.4.0f5\\\",\\\"ID\\\":\\\"granddaddypurpleseed\\\",\\\"Quantity\\\":3}\",\n        \"{\\\"DataType\\\":\\\"ItemData\\\",\\\"DataVersion\\\":0,\\\"GameVersion\\\":\\\"0.4.0f5\\\",\\\"ID\\\":\\\"\\\",\\\"Quantity\\\":0}\",\n        \"{\\\"DataType\\\":\\\"ItemData\\\",\\\"DataVersion\\\":0,\\\"GameVersion\\\":\\\"0.4.0f5\\\",\\\"ID\\\":\\\"\\\",\\\"Quantity\\\":0}\"\n    ],\n    \"SlotFilters\": [\n        {\n            \"Type\": 0,\n            \"ItemIDs\": [],\n            \"AllowedQualities\": [\n                0,\n                1,\n                2,\n                3,\n                4\n            ]\n        },\n        {\n            \"Type\": 0,\n            \"ItemIDs\": [],\n            \"AllowedQualities\": [\n                0,\n                1,\n                2,\n                3,\n                4\n            ]\n        },\n        {\n            \"Type\": 0,\n            \"ItemIDs\": [],\n            \"AllowedQualities\": [\n                0,\n                1,\n                2,\n                3,\n                4\n            ]\n        },\n        {\n            \"Type\": 0,\n            \"ItemIDs\": [],\n            \"AllowedQualities\": [\n                0,\n                1,\n                2,\n                3,\n                4\n            ]\n        },\n        {\n            \"Type\": 0,\n            \"ItemIDs\": [],\n            \"AllowedQualities\": [\n                0,\n                1,\n                2,\n                3,\n                4\n            ]\n        }\n    ]\n}"
                },
                {
                    "Name": "Configuration",
                    "Contents": "{\n    \"DataType\": \"BotanistConfigurationData\",\n    \"DataVersion\": 0,\n    \"GameVersion\": \"0.4.0f5\",\n    \"Bed\": {\n        \"ObjectGUID\": \"c6068517-154c-4a84-b3b3-c5913e560073\"\n    },\n    \"Supplies\": {\n        \"ObjectGUID\": \"2ed6ecc1-dbe7-4b8d-a02f-37d94c0fe52a\"\n    },\n    \"Pots\": {\n        \"ObjectGUIDs\": [\n            \"7771a9ad-83ea-45d0-9f8e-414cb5ed4c2c\",\n            \"d0c72c70-2d29-4b98-b6fb-5fb61c89b2fe\",\n            \"bb48e6f3-52c5-4723-810c-8850d36cbf84\",\n            \"3938a115-8233-4d13-846c-4f7198a25b4d\",\n            \"a1abdc5d-a2c8-4c08-8bf7-0973c731b33e\",\n            \"465f519c-6442-45b6-8304-1a0e8c47780a\"\n        ]\n    }\n}"
                }
            ]
        },
        {
            "DataType": "CleanerData",
            "DataVersion": 0,
            "GameVersion": "0.4.0f5",
            "BaseData": "{\"DataType\":\"CleanerData\",\"DataVersion\":0,\"GameVersion\":\"0.4.0f5\",\"ID\":\"justin_roberts\",\"AssignedProperty\":\"storageunit\",\"FirstName\":\"Justin\",\"LastName\":\"Roberts\",\"IsMale\":true,\"AppearanceIndex\":5,\"Position\":{\"x\":-6.855213165283203,\"y\":0.09000050276517868,\"z\":103.70476531982422},\"Rotation\":{\"x\":0.0,\"y\":0.9993481636047363,\"z\":0.0,\"w\":0.03610026463866234},\"GUID\":\"763443e5-42dd-4389-993c-18f864246fb2\",\"PaidForToday\":true,\"MoveItemData\":{\"TemplateItemJSON\":\"\",\"GrabbedItemQuantity\":0,\"SourceGUID\":\"\",\"DestinationGUID\":\"\"}}",
            "AdditionalDatas": [
                {
                    "Name": "Inventory",
                    "Contents": "{\n    \"Items\": [\n        \"{\\\"DataType\\\":\\\"TrashGrabberData\\\",\\\"DataVersion\\\":0,\\\"GameVersion\\\":\\\"0.4.0f5\\\",\\\"ID\\\":\\\"trashgrabber\\\",\\\"Quantity\\\":1,\\\"Content\\\":{\\\"TrashIDs\\\":[\\\"plantscrap\\\"],\\\"TrashQuantities\\\":[6]}}\",\n        \"{\\\"DataType\\\":\\\"ItemData\\\",\\\"DataVersion\\\":0,\\\"GameVersion\\\":\\\"0.4.0f5\\\",\\\"ID\\\":\\\"trashbag\\\",\\\"Quantity\\\":10}\",\n        \"{\\\"DataType\\\":\\\"ItemData\\\",\\\"DataVersion\\\":0,\\\"GameVersion\\\":\\\"0.4.0f5\\\",\\\"ID\\\":\\\"trashbag\\\",\\\"Quantity\\\":10}\",\n        \"{\\\"DataType\\\":\\\"ItemData\\\",\\\"DataVersion\\\":0,\\\"GameVersion\\\":\\\"0.4.0f5\\\",\\\"ID\\\":\\\"\\\",\\\"Quantity\\\":0}\",\n        \"{\\\"DataType\\\":\\\"ItemData\\\",\\\"DataVersion\\\":0,\\\"GameVersion\\\":\\\"0.4.0f5\\\",\\\"ID\\\":\\\"\\\",\\\"Quantity\\\":0}\"\n    ],\n    \"SlotFilters\": [\n        {\n            \"Type\": 0,\n            \"ItemIDs\": [],\n            \"AllowedQualities\": [\n                0,\n                1,\n                2,\n                3,\n                4\n            ]\n        },\n        {\n            \"Type\": 0,\n            \"ItemIDs\": [],\n            \"AllowedQualities\": [\n                0,\n                1,\n                2,\n                3,\n                4\n            ]\n        },\n        {\n            \"Type\": 0,\n            \"ItemIDs\": [],\n            \"AllowedQualities\": [\n                0,\n                1,\n                2,\n                3,\n                4\n            ]\n        },\n        {\n            \"Type\": 0,\n            \"ItemIDs\": [],\n            \"AllowedQualities\": [\n                0,\n                1,\n                2,\n                3,\n                4\n            ]\n        },\n        {\n            \"Type\": 0,\n            \"ItemIDs\": [],\n            \"AllowedQualities\": [\n                0,\n                1,\n                2,\n                3,\n                4\n            ]\n        }\n    ]\n}"
                },
                {
                    "Name": "Configuration",
                    "Contents": "{\n    \"DataType\": \"CleanerConfigurationData\",\n    \"DataVersion\": 0,\n    \"GameVersion\": \"0.4.0f5\",\n    \"Bed\": {\n        \"ObjectGUID\": \"a11e15d8-bac4-4abc-b839-df64ee5dd970\"\n    },\n    \"Bins\": {\n        \"ObjectGUIDs\": [\n            \"154a650e-a699-4878-b607-c29cc6f70b34\"\n        ]\n    }\n}"
                }
            ]
        },
        {
            "DataType": "PackagerData",
            "DataVersion": 0,
            "GameVersion": "0.4.0f5",
            "BaseData": "{\"DataType\":\"PackagerData\",\"DataVersion\":0,\"GameVersion\":\"0.4.0f5\",\"ID\":\"ryan_green\",\"AssignedProperty\":\"storageunit\",\"FirstName\":\"Ryan\",\"LastName\":\"Green\",\"IsMale\":true,\"AppearanceIndex\":6,\"Position\":{\"x\":-5.806177139282227,\"y\":0.09400060027837753,\"z\":105.56770324707031},\"Rotation\":{\"x\":0.0,\"y\":0.7071066498756409,\"z\":0.0,\"w\":0.7071070075035095},\"GUID\":\"a9c2239b-4f7a-45a2-be50-ac97f7982a40\",\"PaidForToday\":true,\"MoveItemData\":{\"TemplateItemJSON\":\"\",\"GrabbedItemQuantity\":0,\"SourceGUID\":\"\",\"DestinationGUID\":\"\"}}",
            "AdditionalDatas": [
                {
                    "Name": "Relationship",
                    "Contents": "{\n    \"DataType\": \"RelationshipData\",\n    \"DataVersion\": 0,\n    \"GameVersion\": \"0.4.0f5\",\n    \"RelationDelta\": 2.25,\n    \"Unlocked\": false,\n    \"UnlockType\": 0\n}"
                },
                {
                    "Name": "Health",
                    "Contents": "{\n    \"DataType\": \"NPCHealthData\",\n    \"DataVersion\": 1,\n    \"GameVersion\": \"0.4.0f5\",\n    \"Health\": 78.4227294921875,\n    \"IsDead\": false,\n    \"DaysPassedSinceDeath\": 0,\n    \"HoursSinceAttackedByPlayer\": 30\n}"
                },
                {
                    "Name": "Configuration",
                    "Contents": "{\n    \"DataType\": \"PackagerConfigurationData\",\n    \"DataVersion\": 0,\n    \"GameVersion\": \"0.4.0f5\",\n    \"Bed\": {\n        \"ObjectGUID\": \"1611ed7f-8c77-4fff-8de8-20032a262a26\"\n    },\n    \"Stations\": {\n        \"ObjectGUIDs\": [\n            \"b13ff76d-b0be-4e17-b28f-6c5864b72e80\"\n        ]\n    },\n    \"Routes\": {\n        \"Routes\": [\n            {\n                \"SourceGUID\": \"8ec8aa5d-26aa-48dc-a1c2-ce95e7277e38\",\n                \"DestinationGUID\": \"b13ff76d-b0be-4e17-b28f-6c5864b72e80\",\n                \"FilterMode\": 1,\n                \"FilterItemIDs\": []\n            },\n            {\n                \"SourceGUID\": \"b13ff76d-b0be-4e17-b28f-6c5864b72e80\",\n                \"DestinationGUID\": \"8ec8aa5d-26aa-48dc-a1c2-ce95e7277e38\",\n                \"FilterMode\": 1,\n                \"FilterItemIDs\": []\n            }\n        ]\n    }\n}"
                }
            ]
        }
    ],
    "Objects": [
        {
            "DataType": "PlaceableStorageData",
            "DataVersion": 0,
            "GameVersion": "0.4.0f5",
            "BaseData": "{\"DataType\":\"PlaceableStorageData\",\"DataVersion\":0,\"GameVersion\":\"0.4.0f5\",\"GUID\":\"c6068517-154c-4a84-b3b3-c5913e560073\",\"ItemString\":\"{\\n    \\\"DataType\\\": \\\"ItemData\\\",\\n    \\\"DataVersion\\\": 0,\\n    \\\"GameVersion\\\": \\\"0.4.0f5\\\",\\n    \\\"ID\\\": \\\"locker\\\",\\n    \\\"Quantity\\\": 1\\n}\",\"LoadOrder\":0,\"GridGUID\":\"2c339a9c-4065-41e7-b33f-59581e759ac5\",\"OriginCoordinate\":{\"x\":0.0,\"y\":10.0},\"Rotation\":0,\"Contents\":{\"Items\":[\"{\\\"DataType\\\":\\\"CashData\\\",\\\"DataVersion\\\":0,\\\"GameVersion\\\":\\\"0.4.0f5\\\",\\\"ID\\\":\\\"cash\\\",\\\"Quantity\\\":1,\\\"CashBalance\\\":200.0}\",\"{\\\"DataType\\\":\\\"ItemData\\\",\\\"DataVersion\\\":0,\\\"GameVersion\\\":\\\"0.4.0f5\\\",\\\"ID\\\":\\\"\\\",\\\"Quantity\\\":0}\",\"{\\\"DataType\\\":\\\"ItemData\\\",\\\"DataVersion\\\":0,\\\"GameVersion\\\":\\\"0.4.0f5\\\",\\\"ID\\\":\\\"\\\",\\\"Quantity\\\":0}\",\"{\\\"DataType\\\":\\\"ItemData\\\",\\\"DataVersion\\\":0,\\\"GameVersion\\\":\\\"0.4.0f5\\\",\\\"ID\\\":\\\"\\\",\\\"Quantity\\\":0}\",\"{\\\"DataType\\\":\\\"ItemData\\\",\\\"DataVersion\\\":0,\\\"GameVersion\\\":\\\"0.4.0f5\\\",\\\"ID\\\":\\\"\\\",\\\"Quantity\\\":0}\",\"{\\\"DataType\\\":\\\"ItemData\\\",\\\"DataVersion\\\":0,\\\"GameVersion\\\":\\\"0.4.0f5\\\",\\\"ID\\\":\\\"\\\",\\\"Quantity\\\":0}\"],\"SlotFilters\":[{\"Type\":0,\"ItemIDs\":[],\"AllowedQualities\":[0,1,2,3,4]},{\"Type\":0,\"ItemIDs\":[],\"AllowedQualities\":[0,1,2,3,4]},{\"Type\":0,\"ItemIDs\":[],\"AllowedQualities\":[0,1,2,3,4]},{\"Type\":0,\"ItemIDs\":[],\"AllowedQualities\":[0,1,2,3,4]},{\"Type\":0,\"ItemIDs\":[],\"AllowedQualities\":[0,1,2,3,4]},{\"Type\":0,\"ItemIDs\":[],\"AllowedQualities\":[0,1,2,3,4]}]}}",
            "AdditionalDatas": []
        },
        {
            "DataType": "PlaceableStorageData",
            "DataVersion": 0,
            "GameVersion": "0.4.0f5",
            "BaseData": "{\"DataType\":\"PlaceableStorageData\",\"DataVersion\":0,\"GameVersion\":\"0.4.0f5\",\"GUID\":\"a11e15d8-bac4-4abc-b839-df64ee5dd970\",\"ItemString\":\"{\\n    \\\"DataType\\\": \\\"ItemData\\\",\\n    \\\"DataVersion\\\": 0,\\n    \\\"GameVersion\\\": \\\"0.4.0f5\\\",\\n    \\\"ID\\\": \\\"locker\\\",\\n    \\\"Quantity\\\": 1\\n}\",\"LoadOrder\":0,\"GridGUID\":\"2c339a9c-4065-41e7-b33f-59581e759ac5\",\"OriginCoordinate\":{\"x\":0.0,\"y\":11.0},\"Rotation\":0,\"Contents\":{\"Items\":[\"{\\\"DataType\\\":\\\"CashData\\\",\\\"DataVersion\\\":0,\\\"GameVersion\\\":\\\"0.4.0f5\\\",\\\"ID\\\":\\\"cash\\\",\\\"Quantity\\\":1,\\\"CashBalance\\\":200.0}\",\"{\\\"DataType\\\":\\\"WeedData\\\",\\\"DataVersion\\\":0,\\\"GameVersion\\\":\\\"0.4.0f5\\\",\\\"ID\\\":\\\"greencrack\\\",\\\"Quantity\\\":4,\\\"Quality\\\":\\\"Poor\\\",\\\"PackagingID\\\":\\\"\\\"}\",\"{\\\"DataType\\\":\\\"WeedData\\\",\\\"DataVersion\\\":0,\\\"GameVersion\\\":\\\"0.4.0f5\\\",\\\"ID\\\":\\\"greencrack\\\",\\\"Quantity\\\":1,\\\"Quality\\\":\\\"Standard\\\",\\\"PackagingID\\\":\\\"\\\"}\",\"{\\\"DataType\\\":\\\"WeedData\\\",\\\"DataVersion\\\":0,\\\"GameVersion\\\":\\\"0.4.0f5\\\",\\\"ID\\\":\\\"greencrack\\\",\\\"Quantity\\\":3,\\\"Quality\\\":\\\"Premium\\\",\\\"PackagingID\\\":\\\"\\\"}\",\"{\\\"DataType\\\":\\\"WateringCanData\\\",\\\"DataVersion\\\":0,\\\"GameVersion\\\":\\\"0.4.0f5\\\",\\\"ID\\\":\\\"wateringcan\\\",\\\"Quantity\\\":1,\\\"CurrentFillAmount\\\":0.0}\",\"{\\\"DataType\\\":\\\"ItemData\\\",\\\"DataVersion\\\":0,\\\"GameVersion\\\":\\\"0.4.0f5\\\",\\\"ID\\\":\\\"\\\",\\\"Quantity\\\":0}\"],\"SlotFilters\":[{\"Type\":0,\"ItemIDs\":[],\"AllowedQualities\":[0,1,2,3,4]},{\"Type\":0,\"ItemIDs\":[],\"AllowedQualities\":[0,1,2,3,4]},{\"Type\":0,\"ItemIDs\":[],\"AllowedQualities\":[0,1,2,3,4]},{\"Type\":0,\"ItemIDs\":[],\"AllowedQualities\":[0,1,2,3,4]},{\"Type\":0,\"ItemIDs\":[],\"AllowedQualities\":[0,1,2,3,4]},{\"Type\":0,\"ItemIDs\":[],\"AllowedQualities\":[0,1,2,3,4]}]}}",
            "AdditionalDatas": []
        },
        {
            "DataType": "PlaceableStorageData",
            "DataVersion": 0,
            "GameVersion": "0.4.0f5",
            "BaseData": "{\"DataType\":\"PlaceableStorageData\",\"DataVersion\":0,\"GameVersion\":\"0.4.0f5\",\"GUID\":\"8ec8aa5d-26aa-48dc-a1c2-ce95e7277e38\",\"ItemString\":\"{\\n    \\\"DataType\\\": \\\"ItemData\\\",\\n    \\\"DataVersion\\\": 0,\\n    \\\"GameVersion\\\": \\\"0.4.0f5\\\",\\n    \\\"ID\\\": \\\"largestoragerack\\\",\\n    \\\"Quantity\\\": 1\\n}\",\"LoadOrder\":0,\"GridGUID\":\"2c339a9c-4065-41e7-b33f-59581e759ac5\",\"OriginCoordinate\":{\"x\":8.0,\"y\":18.0},\"Rotation\":180,\"Contents\":{\"Items\":[\"{\\\"DataType\\\":\\\"WeedData\\\",\\\"DataVersion\\\":0,\\\"GameVersion\\\":\\\"0.4.0f5\\\",\\\"ID\\\":\\\"greencrack\\\",\\\"Quantity\\\":1,\\\"Quality\\\":\\\"Premium\\\",\\\"PackagingID\\\":\\\"jar\\\"}\",\"{\\\"DataType\\\":\\\"WeedData\\\",\\\"DataVersion\\\":0,\\\"GameVersion\\\":\\\"0.4.0f5\\\",\\\"ID\\\":\\\"granddaddypurple\\\",\\\"Quantity\\\":10,\\\"Quality\\\":\\\"Standard\\\",\\\"PackagingID\\\":\\\"jar\\\"}\",\"{\\\"DataType\\\":\\\"WeedData\\\",\\\"DataVersion\\\":0,\\\"GameVersion\\\":\\\"0.4.0f5\\\",\\\"ID\\\":\\\"greencrack\\\",\\\"Quantity\\\":3,\\\"Quality\\\":\\\"Poor\\\",\\\"PackagingID\\\":\\\"jar\\\"}\",\"{\\\"DataType\\\":\\\"WeedData\\\",\\\"DataVersion\\\":0,\\\"GameVersion\\\":\\\"0.4.0f5\\\",\\\"ID\\\":\\\"granddaddypurple\\\",\\\"Quantity\\\":6,\\\"Quality\\\":\\\"Standard\\\",\\\"PackagingID\\\":\\\"jar\\\"}\",\"{\\\"DataType\\\":\\\"WeedData\\\",\\\"DataVersion\\\":0,\\\"GameVersion\\\":\\\"0.4.0f5\\\",\\\"ID\\\":\\\"greencrack\\\",\\\"Quantity\\\":15,\\\"Quality\\\":\\\"Standard\\\",\\\"PackagingID\\\":\\\"jar\\\"}\",\"{\\\"DataType\\\":\\\"WeedData\\\",\\\"DataVersion\\\":0,\\\"GameVersion\\\":\\\"0.4.0f5\\\",\\\"ID\\\":\\\"granddaddypurple\\\",\\\"Quantity\\\":4,\\\"Quality\\\":\\\"Premium\\\",\\\"PackagingID\\\":\\\"jar\\\"}\",\"{\\\"DataType\\\":\\\"ItemData\\\",\\\"DataVersion\\\":0,\\\"GameVersion\\\":\\\"0.4.0f5\\\",\\\"ID\\\":\\\"\\\",\\\"Quantity\\\":0}\",\"{\\\"DataType\\\":\\\"ItemData\\\",\\\"DataVersion\\\":0,\\\"GameVersion\\\":\\\"0.4.0f5\\\",\\\"ID\\\":\\\"\\\",\\\"Quantity\\\":0}\"],\"SlotFilters\":[{\"Type\":0,\"ItemIDs\":[],\"AllowedQualities\":[0,1,2,3,4]},{\"Type\":0,\"ItemIDs\":[],\"AllowedQualities\":[0,1,2,3,4]},{\"Type\":0,\"ItemIDs\":[],\"AllowedQualities\":[0,1,2,3,4]},{\"Type\":0,\"ItemIDs\":[],\"AllowedQualities\":[0,1,2,3,4]},{\"Type\":0,\"ItemIDs\":[],\"AllowedQualities\":[0,1,2,3,4]},{\"Type\":0,\"ItemIDs\":[],\"AllowedQualities\":[0,1,2,3,4]},{\"Type\":0,\"ItemIDs\":[],\"AllowedQualities\":[0,1,2,3,4]},{\"Type\":0,\"ItemIDs\":[],\"AllowedQualities\":[0,1,2,3,4]}]}}",
            "AdditionalDatas": []
        },
        {
            "DataType": "GridItemData",
            "DataVersion": 0,
            "GameVersion": "0.4.0f5",
            "BaseData": "{\"DataType\":\"GridItemData\",\"DataVersion\":0,\"GameVersion\":\"0.4.0f5\",\"GUID\":\"02277e97-33db-4690-97ea-294c4d613b9c\",\"ItemString\":\"{\\n    \\\"DataType\\\": \\\"ItemData\\\",\\n    \\\"DataVersion\\\": 0,\\n    \\\"GameVersion\\\": \\\"0.4.0f5\\\",\\n    \\\"ID\\\": \\\"suspensionrack\\\",\\n    \\\"Quantity\\\": 1\\n}\",\"LoadOrder\":0,\"GridGUID\":\"2c339a9c-4065-41e7-b33f-59581e759ac5\",\"OriginCoordinate\":{\"x\":6.0,\"y\":10.0},\"Rotation\":0}",
            "AdditionalDatas": []
        },
        {
            "DataType": "PotData",
            "DataVersion": 0,
            "GameVersion": "0.4.0f5",
            "BaseData": "{\"DataType\":\"PotData\",\"DataVersion\":0,\"GameVersion\":\"0.4.0f5\",\"GUID\":\"bb48e6f3-52c5-4723-810c-8850d36cbf84\",\"ItemString\":\"{\\n    \\\"DataType\\\": \\\"ItemData\\\",\\n    \\\"DataVersion\\\": 0,\\n    \\\"GameVersion\\\": \\\"0.4.0f5\\\",\\n    \\\"ID\\\": \\\"airpot\\\",\\n    \\\"Quantity\\\": 1\\n}\",\"LoadOrder\":0,\"GridGUID\":\"2c339a9c-4065-41e7-b33f-59581e759ac5\",\"OriginCoordinate\":{\"x\":7.0,\"y\":10.0},\"Rotation\":-90,\"SoilID\":\"longlifesoil\",\"SoilLevel\":20.0,\"RemainingSoilUses\":1,\"WaterLevel\":3.2625038623809816,\"AppliedAdditives\":[\"Growing/PGR/PGR_Additive\",\"Growing/Fertilizer/Fertilizer_Additive\"],\"PlantData\":{\"DataType\":\"PlantData\",\"DataVersion\":0,\"GameVersion\":\"0.4.0f5\",\"SeedID\":\"granddaddypurpleseed\",\"GrowthProgress\":0.3961113393306732,\"YieldLevel\":1.5,\"QualityLevel\":0.6000000238418579,\"ActiveBuds\":[]}}",
            "AdditionalDatas": [
                {
                    "Name": "Configuration",
                    "Contents": "{\n    \"DataType\": \"PotConfigurationData\",\n    \"DataVersion\": 0,\n    \"GameVersion\": \"0.4.0f5\",\n    \"Seed\": {\n        \"ItemID\": \"\"\n    },\n    \"Additive1\": {\n        \"ItemID\": \"pgr\"\n    },\n    \"Additive2\": {\n        \"ItemID\": \"fertilizer\"\n    },\n    \"Additive3\": {\n        \"ItemID\": \"\"\n    },\n    \"Destination\": {\n        \"ObjectGUID\": \"8ec8aa5d-26aa-48dc-a1c2-ce95e7277e38\"\n    }\n}"
                }
            ]
        },
        {
            "DataType": "SoilPourerData",
            "DataVersion": 0,
            "GameVersion": "0.4.0f5",
            "BaseData": "{\"DataType\":\"SoilPourerData\",\"DataVersion\":0,\"GameVersion\":\"0.4.0f5\",\"GUID\":\"377a59c4-a922-443b-9f1e-620160f99ffb\",\"ItemString\":\"{\\n    \\\"DataType\\\": \\\"ItemData\\\",\\n    \\\"DataVersion\\\": 0,\\n    \\\"GameVersion\\\": \\\"0.4.0f5\\\",\\n    \\\"ID\\\": \\\"soilpourer\\\",\\n    \\\"Quantity\\\": 1\\n}\",\"LoadOrder\":0,\"GridGUID\":\"2c339a9c-4065-41e7-b33f-59581e759ac5\",\"OriginCoordinate\":{\"x\":8.0,\"y\":10.0},\"Rotation\":-90,\"SoilID\":\"\"}",
            "AdditionalDatas": []
        },
        {
            "DataType": "ProceduralGridItemData",
            "DataVersion": 0,
            "GameVersion": "0.4.0f5",
            "BaseData": "{\"DataType\":\"ProceduralGridItemData\",\"DataVersion\":0,\"GameVersion\":\"0.4.0f5\",\"GUID\":\"4e37da41-b9d2-493b-add8-e98d0a2ca9be\",\"ItemString\":\"{\\n    \\\"DataType\\\": \\\"ItemData\\\",\\n    \\\"DataVersion\\\": 0,\\n    \\\"GameVersion\\\": \\\"0.4.0f5\\\",\\n    \\\"ID\\\": \\\"fullspectrumgrowlight\\\",\\n    \\\"Quantity\\\": 1\\n}\",\"LoadOrder\":50,\"Rotation\":0,\"FootprintMatches\":[{\"TileOwnerGUID\":\"02277e97-33db-4690-97ea-294c4d613b9c\",\"TileIndex\":2,\"FootprintCoordinate\":{\"x\":0.0,\"y\":0.0}},{\"TileOwnerGUID\":\"02277e97-33db-4690-97ea-294c4d613b9c\",\"TileIndex\":1,\"FootprintCoordinate\":{\"x\":0.0,\"y\":1.0}},{\"TileOwnerGUID\":\"02277e97-33db-4690-97ea-294c4d613b9c\",\"TileIndex\":3,\"FootprintCoordinate\":{\"x\":1.0,\"y\":0.0}},{\"TileOwnerGUID\":\"02277e97-33db-4690-97ea-294c4d613b9c\",\"TileIndex\":0,\"FootprintCoordinate\":{\"x\":1.0,\"y\":1.0}}]}",
            "AdditionalDatas": []
        },
        {
            "DataType": "GridItemData",
            "DataVersion": 0,
            "GameVersion": "0.4.0f5",
            "BaseData": "{\"DataType\":\"GridItemData\",\"DataVersion\":0,\"GameVersion\":\"0.4.0f5\",\"GUID\":\"d29b05ad-1535-4f93-8738-6aee776fc619\",\"ItemString\":\"{\\n    \\\"DataType\\\": \\\"ItemData\\\",\\n    \\\"DataVersion\\\": 0,\\n    \\\"GameVersion\\\": \\\"0.4.0f5\\\",\\n    \\\"ID\\\": \\\"potsprinkler\\\",\\n    \\\"Quantity\\\": 1\\n}\",\"LoadOrder\":0,\"GridGUID\":\"2c339a9c-4065-41e7-b33f-59581e759ac5\",\"OriginCoordinate\":{\"x\":5.0,\"y\":11.0},\"Rotation\":90}",
            "AdditionalDatas": []
        },
        {
            "DataType": "PlaceableStorageData",
            "DataVersion": 0,
            "GameVersion": "0.4.0f5",
            "BaseData": "{\"DataType\":\"PlaceableStorageData\",\"DataVersion\":0,\"GameVersion\":\"0.4.0f5\",\"GUID\":\"c7889ae0-0d1d-4889-9e9a-16abb884be85\",\"ItemString\":\"{\\n    \\\"DataType\\\": \\\"ItemData\\\",\\n    \\\"DataVersion\\\": 0,\\n    \\\"GameVersion\\\": \\\"0.4.0f5\\\",\\n    \\\"ID\\\": \\\"largestoragerack\\\",\\n    \\\"Quantity\\\": 1\\n}\",\"LoadOrder\":0,\"GridGUID\":\"2c339a9c-4065-41e7-b33f-59581e759ac5\",\"OriginCoordinate\":{\"x\":5.0,\"y\":16.0},\"Rotation\":0,\"Contents\":{\"Items\":[\"{\\\"DataType\\\":\\\"ItemData\\\",\\\"DataVersion\\\":0,\\\"GameVersion\\\":\\\"0.4.0f5\\\",\\\"ID\\\":\\\"\\\",\\\"Quantity\\\":0}\",\"{\\\"DataType\\\":\\\"ItemData\\\",\\\"DataVersion\\\":0,\\\"GameVersion\\\":\\\"0.4.0f5\\\",\\\"ID\\\":\\\"\\\",\\\"Quantity\\\":0}\",\"{\\\"DataType\\\":\\\"WeedData\\\",\\\"DataVersion\\\":0,\\\"GameVersion\\\":\\\"0.4.0f5\\\",\\\"ID\\\":\\\"granddaddypurple\\\",\\\"Quantity\\\":6,\\\"Quality\\\":\\\"Standard\\\",\\\"PackagingID\\\":\\\"jar\\\"}\",\"{\\\"DataType\\\":\\\"ItemData\\\",\\\"DataVersion\\\":0,\\\"GameVersion\\\":\\\"0.4.0f5\\\",\\\"ID\\\":\\\"\\\",\\\"Quantity\\\":0}\",\"{\\\"DataType\\\":\\\"ItemData\\\",\\\"DataVersion\\\":0,\\\"GameVersion\\\":\\\"0.4.0f5\\\",\\\"ID\\\":\\\"\\\",\\\"Quantity\\\":0}\",\"{\\\"DataType\\\":\\\"ItemData\\\",\\\"DataVersion\\\":0,\\\"GameVersion\\\":\\\"0.4.0f5\\\",\\\"ID\\\":\\\"\\\",\\\"Quantity\\\":0}\",\"{\\\"DataType\\\":\\\"ItemData\\\",\\\"DataVersion\\\":0,\\\"GameVersion\\\":\\\"0.4.0f5\\\",\\\"ID\\\":\\\"\\\",\\\"Quantity\\\":0}\",\"{\\\"DataType\\\":\\\"ItemData\\\",\\\"DataVersion\\\":0,\\\"GameVersion\\\":\\\"0.4.0f5\\\",\\\"ID\\\":\\\"\\\",\\\"Quantity\\\":0}\"],\"SlotFilters\":[{\"Type\":0,\"ItemIDs\":[],\"AllowedQualities\":[0,1,2,3,4]},{\"Type\":0,\"ItemIDs\":[],\"AllowedQualities\":[0,1,2,3,4]},{\"Type\":0,\"ItemIDs\":[],\"AllowedQualities\":[0,1,2,3,4]},{\"Type\":0,\"ItemIDs\":[],\"AllowedQualities\":[0,1,2,3,4]},{\"Type\":0,\"ItemIDs\":[],\"AllowedQualities\":[0,1,2,3,4]},{\"Type\":0,\"ItemIDs\":[],\"AllowedQualities\":[0,1,2,3,4]},{\"Type\":0,\"ItemIDs\":[],\"AllowedQualities\":[0,1,2,3,4]},{\"Type\":0,\"ItemIDs\":[],\"AllowedQualities\":[0,1,2,3,4]}]}}",
            "AdditionalDatas": []
        },
        {
            "DataType": "PlaceableStorageData",
            "DataVersion": 0,
            "GameVersion": "0.4.0f5",
            "BaseData": "{\"DataType\":\"PlaceableStorageData\",\"DataVersion\":0,\"GameVersion\":\"0.4.0f5\",\"GUID\":\"2ed6ecc1-dbe7-4b8d-a02f-37d94c0fe52a\",\"ItemString\":\"{\\n    \\\"DataType\\\": \\\"ItemData\\\",\\n    \\\"DataVersion\\\": 0,\\n    \\\"GameVersion\\\": \\\"0.4.0f5\\\",\\n    \\\"ID\\\": \\\"largestoragerack\\\",\\n    \\\"Quantity\\\": 1\\n}\",\"LoadOrder\":0,\"GridGUID\":\"2c339a9c-4065-41e7-b33f-59581e759ac5\",\"OriginCoordinate\":{\"x\":5.0,\"y\":15.0},\"Rotation\":0,\"Contents\":{\"Items\":[\"{\\\"DataType\\\":\\\"ItemData\\\",\\\"DataVersion\\\":0,\\\"GameVersion\\\":\\\"0.4.0f5\\\",\\\"ID\\\":\\\"speedgrow\\\",\\\"Quantity\\\":6}\",\"{\\\"DataType\\\":\\\"ItemData\\\",\\\"DataVersion\\\":0,\\\"GameVersion\\\":\\\"0.4.0f5\\\",\\\"ID\\\":\\\"pgr\\\",\\\"Quantity\\\":1}\",\"{\\\"DataType\\\":\\\"ItemData\\\",\\\"DataVersion\\\":0,\\\"GameVersion\\\":\\\"0.4.0f5\\\",\\\"ID\\\":\\\"fertilizer\\\",\\\"Quantity\\\":2}\",\"{\\\"DataType\\\":\\\"ItemData\\\",\\\"DataVersion\\\":0,\\\"GameVersion\\\":\\\"0.4.0f5\\\",\\\"ID\\\":\\\"\\\",\\\"Quantity\\\":0}\",\"{\\\"DataType\\\":\\\"ItemData\\\",\\\"DataVersion\\\":0,\\\"GameVersion\\\":\\\"0.4.0f5\\\",\\\"ID\\\":\\\"fertilizer\\\",\\\"Quantity\\\":7}\",\"{\\\"DataType\\\":\\\"ItemData\\\",\\\"DataVersion\\\":0,\\\"GameVersion\\\":\\\"0.4.0f5\\\",\\\"ID\\\":\\\"longlifesoil\\\",\\\"Quantity\\\":7}\",\"{\\\"DataType\\\":\\\"ItemData\\\",\\\"DataVersion\\\":0,\\\"GameVersion\\\":\\\"0.4.0f5\\\",\\\"ID\\\":\\\"longlifesoil\\\",\\\"Quantity\\\":10}\",\"{\\\"DataType\\\":\\\"ItemData\\\",\\\"DataVersion\\\":0,\\\"GameVersion\\\":\\\"0.4.0f5\\\",\\\"ID\\\":\\\"\\\",\\\"Quantity\\\":0}\"],\"SlotFilters\":[{\"Type\":0,\"ItemIDs\":[],\"AllowedQualities\":[0,1,2,3,4]},{\"Type\":0,\"ItemIDs\":[],\"AllowedQualities\":[0,1,2,3,4]},{\"Type\":0,\"ItemIDs\":[],\"AllowedQualities\":[0,1,2,3,4]},{\"Type\":0,\"ItemIDs\":[],\"AllowedQualities\":[0,1,2,3,4]},{\"Type\":0,\"ItemIDs\":[],\"AllowedQualities\":[0,1,2,3,4]},{\"Type\":0,\"ItemIDs\":[],\"AllowedQualities\":[0,1,2,3,4]},{\"Type\":0,\"ItemIDs\":[],\"AllowedQualities\":[0,1,2,3,4]},{\"Type\":0,\"ItemIDs\":[],\"AllowedQualities\":[0,1,2,3,4]}]}}",
            "AdditionalDatas": []
        },
        {
            "DataType": "PackagingStationData",
            "DataVersion": 0,
            "GameVersion": "0.4.0f5",
            "BaseData": "{\"DataType\":\"PackagingStationData\",\"DataVersion\":0,\"GameVersion\":\"0.4.0f5\",\"GUID\":\"b13ff76d-b0be-4e17-b28f-6c5864b72e80\",\"ItemString\":\"{\\n    \\\"DataType\\\": \\\"ItemData\\\",\\n    \\\"DataVersion\\\": 0,\\n    \\\"GameVersion\\\": \\\"0.4.0f5\\\",\\n    \\\"ID\\\": \\\"packagingstationmk2\\\",\\n    \\\"Quantity\\\": 1\\n}\",\"LoadOrder\":0,\"GridGUID\":\"2c339a9c-4065-41e7-b33f-59581e759ac5\",\"OriginCoordinate\":{\"x\":1.0,\"y\":16.0},\"Rotation\":90,\"Contents\":{\"Items\":[\"{\\\"DataType\\\":\\\"ItemData\\\",\\\"DataVersion\\\":0,\\\"GameVersion\\\":\\\"0.4.0f5\\\",\\\"ID\\\":\\\"jar\\\",\\\"Quantity\\\":1}\",\"{\\\"DataType\\\":\\\"WeedData\\\",\\\"DataVersion\\\":0,\\\"GameVersion\\\":\\\"0.4.0f5\\\",\\\"ID\\\":\\\"greencrack\\\",\\\"Quantity\\\":12,\\\"Quality\\\":\\\"Standard\\\",\\\"PackagingID\\\":\\\"\\\"}\",\"{\\\"DataType\\\":\\\"ItemData\\\",\\\"DataVersion\\\":0,\\\"GameVersion\\\":\\\"0.4.0f5\\\",\\\"ID\\\":\\\"\\\",\\\"Quantity\\\":0}\"],\"SlotFilters\":[{\"Type\":0,\"ItemIDs\":[],\"AllowedQualities\":[0,1,2,3,4]},{\"Type\":0,\"ItemIDs\":[],\"AllowedQualities\":[0,1,2,3,4]},{\"Type\":0,\"ItemIDs\":[],\"AllowedQualities\":[0,1,2,3,4]}]}}",
            "AdditionalDatas": [
                {
                    "Name": "Configuration",
                    "Contents": "{\n    \"DataType\": \"PackagingStationConfigurationData\",\n    \"DataVersion\": 0,\n    \"GameVersion\": \"0.4.0f5\",\n    \"Destination\": {\n        \"ObjectGUID\": \"8ec8aa5d-26aa-48dc-a1c2-ce95e7277e38\"\n    }\n}"
                }
            ]
        },
        {
            "DataType": "TrashContainerData",
            "DataVersion": 0,
            "GameVersion": "0.4.0f5",
            "BaseData": "{\"DataType\":\"TrashContainerData\",\"DataVersion\":0,\"GameVersion\":\"0.4.0f5\",\"GUID\":\"154a650e-a699-4878-b607-c29cc6f70b34\",\"ItemString\":\"{\\n    \\\"DataType\\\": \\\"ItemData\\\",\\n    \\\"DataVersion\\\": 0,\\n    \\\"GameVersion\\\": \\\"0.4.0f5\\\",\\n    \\\"ID\\\": \\\"trashcan\\\",\\n    \\\"Quantity\\\": 1\\n}\",\"LoadOrder\":0,\"GridGUID\":\"2c339a9c-4065-41e7-b33f-59581e759ac5\",\"OriginCoordinate\":{\"x\":8.0,\"y\":13.0},\"Rotation\":0,\"ContentData\":{\"TrashIDs\":[\"fertilizer\"],\"TrashQuantities\":[1]}}",
            "AdditionalDatas": []
        },
        {
            "DataType": "GridItemData",
            "DataVersion": 0,
            "GameVersion": "0.4.0f5",
            "BaseData": "{\"DataType\":\"GridItemData\",\"DataVersion\":0,\"GameVersion\":\"0.4.0f5\",\"GUID\":\"3192ac3c-3784-4c22-b1b4-ba3e24386b09\",\"ItemString\":\"{\\n    \\\"DataType\\\": \\\"ItemData\\\",\\n    \\\"DataVersion\\\": 0,\\n    \\\"GameVersion\\\": \\\"0.4.0f5\\\",\\n    \\\"ID\\\": \\\"suspensionrack\\\",\\n    \\\"Quantity\\\": 1\\n}\",\"LoadOrder\":0,\"GridGUID\":\"2c339a9c-4065-41e7-b33f-59581e759ac5\",\"OriginCoordinate\":{\"x\":6.0,\"y\":8.0},\"Rotation\":0}",
            "AdditionalDatas": []
        },
        {
            "DataType": "PotData",
            "DataVersion": 0,
            "GameVersion": "0.4.0f5",
            "BaseData": "{\"DataType\":\"PotData\",\"DataVersion\":0,\"GameVersion\":\"0.4.0f5\",\"GUID\":\"d0c72c70-2d29-4b98-b6fb-5fb61c89b2fe\",\"ItemString\":\"{\\n    \\\"DataType\\\": \\\"ItemData\\\",\\n    \\\"DataVersion\\\": 0,\\n    \\\"GameVersion\\\": \\\"0.4.0f5\\\",\\n    \\\"ID\\\": \\\"airpot\\\",\\n    \\\"Quantity\\\": 1\\n}\",\"LoadOrder\":0,\"GridGUID\":\"2c339a9c-4065-41e7-b33f-59581e759ac5\",\"OriginCoordinate\":{\"x\":7.0,\"y\":8.0},\"Rotation\":-90,\"SoilID\":\"longlifesoil\",\"SoilLevel\":20.0,\"RemainingSoilUses\":1,\"WaterLevel\":2.951293468475342,\"AppliedAdditives\":[\"Growing/Fertilizer/Fertilizer_Additive\",\"Growing/PGR/PGR_Additive\"],\"PlantData\":{\"DataType\":\"PlantData\",\"DataVersion\":0,\"GameVersion\":\"0.4.0f5\",\"SeedID\":\"granddaddypurpleseed\",\"GrowthProgress\":0.9539652466773987,\"YieldLevel\":1.5,\"QualityLevel\":0.6000000238418579,\"ActiveBuds\":[]}}",
            "AdditionalDatas": [
                {
                    "Name": "Configuration",
                    "Contents": "{\n    \"DataType\": \"PotConfigurationData\",\n    \"DataVersion\": 0,\n    \"GameVersion\": \"0.4.0f5\",\n    \"Seed\": {\n        \"ItemID\": \"\"\n    },\n    \"Additive1\": {\n        \"ItemID\": \"fertilizer\"\n    },\n    \"Additive2\": {\n        \"ItemID\": \"pgr\"\n    },\n    \"Additive3\": {\n        \"ItemID\": \"\"\n    },\n    \"Destination\": {\n        \"ObjectGUID\": \"8ec8aa5d-26aa-48dc-a1c2-ce95e7277e38\"\n    }\n}"
                }
            ]
        },
        {
            "DataType": "PotData",
            "DataVersion": 0,
            "GameVersion": "0.4.0f5",
            "BaseData": "{\"DataType\":\"PotData\",\"DataVersion\":0,\"GameVersion\":\"0.4.0f5\",\"GUID\":\"7771a9ad-83ea-45d0-9f8e-414cb5ed4c2c\",\"ItemString\":\"{\\n    \\\"DataType\\\": \\\"ItemData\\\",\\n    \\\"DataVersion\\\": 0,\\n    \\\"GameVersion\\\": \\\"0.4.0f5\\\",\\n    \\\"ID\\\": \\\"airpot\\\",\\n    \\\"Quantity\\\": 1\\n}\",\"LoadOrder\":0,\"GridGUID\":\"2c339a9c-4065-41e7-b33f-59581e759ac5\",\"OriginCoordinate\":{\"x\":7.0,\"y\":6.0},\"Rotation\":-90,\"SoilID\":\"longlifesoil\",\"SoilLevel\":20.0,\"RemainingSoilUses\":1,\"WaterLevel\":2.6958470344543459,\"AppliedAdditives\":[\"Growing/PGR/PGR_Additive\",\"Growing/Fertilizer/Fertilizer_Additive\"],\"PlantData\":{\"DataType\":\"PlantData\",\"DataVersion\":0,\"GameVersion\":\"0.4.0f5\",\"SeedID\":\"granddaddypurpleseed\",\"GrowthProgress\":0.7262027859687805,\"YieldLevel\":1.5,\"QualityLevel\":0.6000000238418579,\"ActiveBuds\":[]}}",
            "AdditionalDatas": [
                {
                    "Name": "Configuration",
                    "Contents": "{\n    \"DataType\": \"PotConfigurationData\",\n    \"DataVersion\": 0,\n    \"GameVersion\": \"0.4.0f5\",\n    \"Seed\": {\n        \"ItemID\": \"\"\n    },\n    \"Additive1\": {\n        \"ItemID\": \"pgr\"\n    },\n    \"Additive2\": {\n        \"ItemID\": \"fertilizer\"\n    },\n    \"Additive3\": {\n        \"ItemID\": \"\"\n    },\n    \"Destination\": {\n        \"ObjectGUID\": \"8ec8aa5d-26aa-48dc-a1c2-ce95e7277e38\"\n    }\n}"
                }
            ]
        },
        {
            "DataType": "GridItemData",
            "DataVersion": 0,
            "GameVersion": "0.4.0f5",
            "BaseData": "{\"DataType\":\"GridItemData\",\"DataVersion\":0,\"GameVersion\":\"0.4.0f5\",\"GUID\":\"1aa74fd1-317b-454f-8fa7-8dd0eab86cfe\",\"ItemString\":\"{\\n    \\\"DataType\\\": \\\"ItemData\\\",\\n    \\\"DataVersion\\\": 0,\\n    \\\"GameVersion\\\": \\\"0.4.0f5\\\",\\n    \\\"ID\\\": \\\"suspensionrack\\\",\\n    \\\"Quantity\\\": 1\\n}\",\"LoadOrder\":0,\"GridGUID\":\"2c339a9c-4065-41e7-b33f-59581e759ac5\",\"OriginCoordinate\":{\"x\":6.0,\"y\":6.0},\"Rotation\":0}",
            "AdditionalDatas": []
        },
        {
            "DataType": "ProceduralGridItemData",
            "DataVersion": 0,
            "GameVersion": "0.4.0f5",
            "BaseData": "{\"DataType\":\"ProceduralGridItemData\",\"DataVersion\":0,\"GameVersion\":\"0.4.0f5\",\"GUID\":\"5373a324-b7a9-41a2-9f00-755325120628\",\"ItemString\":\"{\\n    \\\"DataType\\\": \\\"ItemData\\\",\\n    \\\"DataVersion\\\": 0,\\n    \\\"GameVersion\\\": \\\"0.4.0f5\\\",\\n    \\\"ID\\\": \\\"fullspectrumgrowlight\\\",\\n    \\\"Quantity\\\": 1\\n}\",\"LoadOrder\":50,\"Rotation\":0,\"FootprintMatches\":[{\"TileOwnerGUID\":\"1aa74fd1-317b-454f-8fa7-8dd0eab86cfe\",\"TileIndex\":2,\"FootprintCoordinate\":{\"x\":0.0,\"y\":0.0}},{\"TileOwnerGUID\":\"1aa74fd1-317b-454f-8fa7-8dd0eab86cfe\",\"TileIndex\":1,\"FootprintCoordinate\":{\"x\":0.0,\"y\":1.0}},{\"TileOwnerGUID\":\"1aa74fd1-317b-454f-8fa7-8dd0eab86cfe\",\"TileIndex\":3,\"FootprintCoordinate\":{\"x\":1.0,\"y\":0.0}},{\"TileOwnerGUID\":\"1aa74fd1-317b-454f-8fa7-8dd0eab86cfe\",\"TileIndex\":0,\"FootprintCoordinate\":{\"x\":1.0,\"y\":1.0}}]}",
            "AdditionalDatas": []
        },
        {
            "DataType": "ProceduralGridItemData",
            "DataVersion": 0,
            "GameVersion": "0.4.0f5",
            "BaseData": "{\"DataType\":\"ProceduralGridItemData\",\"DataVersion\":0,\"GameVersion\":\"0.4.0f5\",\"GUID\":\"e908e82a-9090-4d8b-8d2b-4e71f824ad95\",\"ItemString\":\"{\\n    \\\"DataType\\\": \\\"ItemData\\\",\\n    \\\"DataVersion\\\": 0,\\n    \\\"GameVersion\\\": \\\"0.4.0f5\\\",\\n    \\\"ID\\\": \\\"fullspectrumgrowlight\\\",\\n    \\\"Quantity\\\": 1\\n}\",\"LoadOrder\":50,\"Rotation\":0,\"FootprintMatches\":[{\"TileOwnerGUID\":\"3192ac3c-3784-4c22-b1b4-ba3e24386b09\",\"TileIndex\":2,\"FootprintCoordinate\":{\"x\":0.0,\"y\":0.0}},{\"TileOwnerGUID\":\"3192ac3c-3784-4c22-b1b4-ba3e24386b09\",\"TileIndex\":1,\"FootprintCoordinate\":{\"x\":0.0,\"y\":1.0}},{\"TileOwnerGUID\":\"3192ac3c-3784-4c22-b1b4-ba3e24386b09\",\"TileIndex\":3,\"FootprintCoordinate\":{\"x\":1.0,\"y\":0.0}},{\"TileOwnerGUID\":\"3192ac3c-3784-4c22-b1b4-ba3e24386b09\",\"TileIndex\":0,\"FootprintCoordinate\":{\"x\":1.0,\"y\":1.0}}]}",
            "AdditionalDatas": []
        },
        {
            "DataType": "PlaceableStorageData",
            "DataVersion": 0,
            "GameVersion": "0.4.0f5",
            "BaseData": "{\"DataType\":\"PlaceableStorageData\",\"DataVersion\":0,\"GameVersion\":\"0.4.0f5\",\"GUID\":\"a0407000-26bb-406e-b188-c5d5389dc88e\",\"ItemString\":\"{\\n    \\\"DataType\\\": \\\"ItemData\\\",\\n    \\\"DataVersion\\\": 0,\\n    \\\"GameVersion\\\": \\\"0.4.0f5\\\",\\n    \\\"ID\\\": \\\"bed\\\",\\n    \\\"Quantity\\\": 1\\n}\",\"LoadOrder\":0,\"GridGUID\":\"2c339a9c-4065-41e7-b33f-59581e759ac5\",\"OriginCoordinate\":{\"x\":0.0,\"y\":0.0},\"Rotation\":0,\"Contents\":{\"Items\":[\"{\\\"DataType\\\":\\\"ItemData\\\",\\\"DataVersion\\\":0,\\\"GameVersion\\\":\\\"0.4.0f5\\\",\\\"ID\\\":\\\"\\\",\\\"Quantity\\\":0}\",\"{\\\"DataType\\\":\\\"ItemData\\\",\\\"DataVersion\\\":0,\\\"GameVersion\\\":\\\"0.4.0f5\\\",\\\"ID\\\":\\\"\\\",\\\"Quantity\\\":0}\",\"{\\\"DataType\\\":\\\"ItemData\\\",\\\"DataVersion\\\":0,\\\"GameVersion\\\":\\\"0.4.0f5\\\",\\\"ID\\\":\\\"\\\",\\\"Quantity\\\":0}\",\"{\\\"DataType\\\":\\\"ItemData\\\",\\\"DataVersion\\\":0,\\\"GameVersion\\\":\\\"0.4.0f5\\\",\\\"ID\\\":\\\"\\\",\\\"Quantity\\\":0}\"],\"SlotFilters\":[{\"Type\":0,\"ItemIDs\":[],\"AllowedQualities\":[0,1,2,3,4]},{\"Type\":0,\"ItemIDs\":[],\"AllowedQualities\":[0,1,2,3,4]},{\"Type\":0,\"ItemIDs\":[],\"AllowedQualities\":[0,1,2,3,4]},{\"Type\":0,\"ItemIDs\":[],\"AllowedQualities\":[0,1,2,3,4]}]}}",
            "AdditionalDatas": []
        },
        {
            "DataType": "PotData",
            "DataVersion": 0,
            "GameVersion": "0.4.0f5",
            "BaseData": "{\"DataType\":\"PotData\",\"DataVersion\":0,\"GameVersion\":\"0.4.0f5\",\"GUID\":\"3938a115-8233-4d13-846c-4f7198a25b4d\",\"ItemString\":\"{\\n    \\\"DataType\\\": \\\"ItemData\\\",\\n    \\\"DataVersion\\\": 0,\\n    \\\"GameVersion\\\": \\\"0.4.0f5\\\",\\n    \\\"ID\\\": \\\"airpot\\\",\\n    \\\"Quantity\\\": 1\\n}\",\"LoadOrder\":0,\"GridGUID\":\"2c339a9c-4065-41e7-b33f-59581e759ac5\",\"OriginCoordinate\":{\"x\":7.0,\"y\":3.0},\"Rotation\":180,\"SoilID\":\"longlifesoil\",\"SoilLevel\":20.0,\"RemainingSoilUses\":1,\"WaterLevel\":2.7250137329101564,\"AppliedAdditives\":[],\"PlantData\":{\"DataType\":\"PlantData\",\"DataVersion\":0,\"GameVersion\":\"0.4.0f5\",\"SeedID\":\"granddaddypurpleseed\",\"GrowthProgress\":0.1254352182149887,\"YieldLevel\":1.0,\"QualityLevel\":0.5,\"ActiveBuds\":[]}}",
            "AdditionalDatas": [
                {
                    "Name": "Configuration",
                    "Contents": "{\n    \"DataType\": \"PotConfigurationData\",\n    \"DataVersion\": 0,\n    \"GameVersion\": \"0.4.0f5\",\n    \"Seed\": {\n        \"ItemID\": \"\"\n    },\n    \"Additive1\": {\n        \"ItemID\": \"pgr\"\n    },\n    \"Additive2\": {\n        \"ItemID\": \"fertilizer\"\n    },\n    \"Additive3\": {\n        \"ItemID\": \"\"\n    },\n    \"Destination\": {\n        \"ObjectGUID\": \"8ec8aa5d-26aa-48dc-a1c2-ce95e7277e38\"\n    }\n}"
                }
            ]
        },
        {
            "DataType": "PotData",
            "DataVersion": 0,
            "GameVersion": "0.4.0f5",
            "BaseData": "{\"DataType\":\"PotData\",\"DataVersion\":0,\"GameVersion\":\"0.4.0f5\",\"GUID\":\"a1abdc5d-a2c8-4c08-8bf7-0973c731b33e\",\"ItemString\":\"{\\n    \\\"DataType\\\": \\\"ItemData\\\",\\n    \\\"DataVersion\\\": 0,\\n    \\\"GameVersion\\\": \\\"0.4.0f5\\\",\\n    \\\"ID\\\": \\\"airpot\\\",\\n    \\\"Quantity\\\": 1\\n}\",\"LoadOrder\":0,\"GridGUID\":\"2c339a9c-4065-41e7-b33f-59581e759ac5\",\"OriginCoordinate\":{\"x\":7.0,\"y\":1.0},\"Rotation\":180,\"SoilID\":\"longlifesoil\",\"SoilLevel\":20.0,\"RemainingSoilUses\":1,\"WaterLevel\":3.335442066192627,\"AppliedAdditives\":[],\"PlantData\":{\"DataType\":\"PlantData\",\"DataVersion\":0,\"GameVersion\":\"0.4.0f5\",\"SeedID\":\"granddaddypurpleseed\",\"GrowthProgress\":0.0693194568157196,\"YieldLevel\":1.0,\"QualityLevel\":0.5,\"ActiveBuds\":[]}}",
            "AdditionalDatas": [
                {
                    "Name": "Configuration",
                    "Contents": "{\n    \"DataType\": \"PotConfigurationData\",\n    \"DataVersion\": 0,\n    \"GameVersion\": \"0.4.0f5\",\n    \"Seed\": {\n        \"ItemID\": \"\"\n    },\n    \"Additive1\": {\n        \"ItemID\": \"fertilizer\"\n    },\n    \"Additive2\": {\n        \"ItemID\": \"pgr\"\n    },\n    \"Additive3\": {\n        \"ItemID\": \"\"\n    },\n    \"Destination\": {\n        \"ObjectGUID\": \"8ec8aa5d-26aa-48dc-a1c2-ce95e7277e38\"\n    }\n}"
                }
            ]
        },
        {
            "DataType": "GridItemData",
            "DataVersion": 0,
            "GameVersion": "0.4.0f5",
            "BaseData": "{\"DataType\":\"GridItemData\",\"DataVersion\":0,\"GameVersion\":\"0.4.0f5\",\"GUID\":\"7295f4e3-febe-47d0-ae95-f12048b7faaa\",\"ItemString\":\"{\\n    \\\"DataType\\\": \\\"ItemData\\\",\\n    \\\"DataVersion\\\": 0,\\n    \\\"GameVersion\\\": \\\"0.4.0f5\\\",\\n    \\\"ID\\\": \\\"suspensionrack\\\",\\n    \\\"Quantity\\\": 1\\n}\",\"LoadOrder\":0,\"GridGUID\":\"2c339a9c-4065-41e7-b33f-59581e759ac5\",\"OriginCoordinate\":{\"x\":6.0,\"y\":2.0},\"Rotation\":0}",
            "AdditionalDatas": []
        },
        {
            "DataType": "GridItemData",
            "DataVersion": 0,
            "GameVersion": "0.4.0f5",
            "BaseData": "{\"DataType\":\"GridItemData\",\"DataVersion\":0,\"GameVersion\":\"0.4.0f5\",\"GUID\":\"f0ad60e5-76c7-43c1-897b-ad6543c803ed\",\"ItemString\":\"{\\n    \\\"DataType\\\": \\\"ItemData\\\",\\n    \\\"DataVersion\\\": 0,\\n    \\\"GameVersion\\\": \\\"0.4.0f5\\\",\\n    \\\"ID\\\": \\\"suspensionrack\\\",\\n    \\\"Quantity\\\": 1\\n}\",\"LoadOrder\":0,\"GridGUID\":\"2c339a9c-4065-41e7-b33f-59581e759ac5\",\"OriginCoordinate\":{\"x\":6.0,\"y\":0.0},\"Rotation\":0}",
            "AdditionalDatas": []
        },
        {
            "DataType": "ProceduralGridItemData",
            "DataVersion": 0,
            "GameVersion": "0.4.0f5",
            "BaseData": "{\"DataType\":\"ProceduralGridItemData\",\"DataVersion\":0,\"GameVersion\":\"0.4.0f5\",\"GUID\":\"b2f5b434-07fd-4a9a-be3c-8be7b2fdfbc2\",\"ItemString\":\"{\\n    \\\"DataType\\\": \\\"ItemData\\\",\\n    \\\"DataVersion\\\": 0,\\n    \\\"GameVersion\\\": \\\"0.4.0f5\\\",\\n    \\\"ID\\\": \\\"fullspectrumgrowlight\\\",\\n    \\\"Quantity\\\": 1\\n}\",\"LoadOrder\":50,\"Rotation\":0,\"FootprintMatches\":[{\"TileOwnerGUID\":\"7295f4e3-febe-47d0-ae95-f12048b7faaa\",\"TileIndex\":2,\"FootprintCoordinate\":{\"x\":0.0,\"y\":0.0}},{\"TileOwnerGUID\":\"7295f4e3-febe-47d0-ae95-f12048b7faaa\",\"TileIndex\":1,\"FootprintCoordinate\":{\"x\":0.0,\"y\":1.0}},{\"TileOwnerGUID\":\"7295f4e3-febe-47d0-ae95-f12048b7faaa\",\"TileIndex\":3,\"FootprintCoordinate\":{\"x\":1.0,\"y\":0.0}},{\"TileOwnerGUID\":\"7295f4e3-febe-47d0-ae95-f12048b7faaa\",\"TileIndex\":0,\"FootprintCoordinate\":{\"x\":1.0,\"y\":1.0}}]}",
            "AdditionalDatas": []
        },
        {
            "DataType": "ProceduralGridItemData",
            "DataVersion": 0,
            "GameVersion": "0.4.0f5",
            "BaseData": "{\"DataType\":\"ProceduralGridItemData\",\"DataVersion\":0,\"GameVersion\":\"0.4.0f5\",\"GUID\":\"76de2e1e-29ab-4687-bc44-38a4059e40c9\",\"ItemString\":\"{\\n    \\\"DataType\\\": \\\"ItemData\\\",\\n    \\\"DataVersion\\\": 0,\\n    \\\"GameVersion\\\": \\\"0.4.0f5\\\",\\n    \\\"ID\\\": \\\"fullspectrumgrowlight\\\",\\n    \\\"Quantity\\\": 1\\n}\",\"LoadOrder\":50,\"Rotation\":0,\"FootprintMatches\":[{\"TileOwnerGUID\":\"f0ad60e5-76c7-43c1-897b-ad6543c803ed\",\"TileIndex\":2,\"FootprintCoordinate\":{\"x\":0.0,\"y\":0.0}},{\"TileOwnerGUID\":\"f0ad60e5-76c7-43c1-897b-ad6543c803ed\",\"TileIndex\":1,\"FootprintCoordinate\":{\"x\":0.0,\"y\":1.0}},{\"TileOwnerGUID\":\"f0ad60e5-76c7-43c1-897b-ad6543c803ed\",\"TileIndex\":3,\"FootprintCoordinate\":{\"x\":1.0,\"y\":0.0}},{\"TileOwnerGUID\":\"f0ad60e5-76c7-43c1-897b-ad6543c803ed\",\"TileIndex\":0,\"FootprintCoordinate\":{\"x\":1.0,\"y\":1.0}}]}",
            "AdditionalDatas": []
        },
        {
            "DataType": "GridItemData",
            "DataVersion": 0,
            "GameVersion": "0.4.0f5",
            "BaseData": "{\"DataType\":\"GridItemData\",\"DataVersion\":0,\"GameVersion\":\"0.4.0f5\",\"GUID\":\"85b18290-496c-4390-a067-85c669f0384b\",\"ItemString\":\"{\\n    \\\"DataType\\\": \\\"ItemData\\\",\\n    \\\"DataVersion\\\": 0,\\n    \\\"GameVersion\\\": \\\"0.4.0f5\\\",\\n    \\\"ID\\\": \\\"potsprinkler\\\",\\n    \\\"Quantity\\\": 1\\n}\",\"LoadOrder\":0,\"GridGUID\":\"2c339a9c-4065-41e7-b33f-59581e759ac5\",\"OriginCoordinate\":{\"x\":5.0,\"y\":1.0},\"Rotation\":90}",
            "AdditionalDatas": []
        },
        {
            "DataType": "GridItemData",
            "DataVersion": 0,
            "GameVersion": "0.4.0f5",
            "BaseData": "{\"DataType\":\"GridItemData\",\"DataVersion\":0,\"GameVersion\":\"0.4.0f5\",\"GUID\":\"31327501-83a1-474f-8105-203a62079ad5\",\"ItemString\":\"{\\n    \\\"DataType\\\": \\\"ItemData\\\",\\n    \\\"DataVersion\\\": 0,\\n    \\\"GameVersion\\\": \\\"0.4.0f5\\\",\\n    \\\"ID\\\": \\\"toilet\\\",\\n    \\\"Quantity\\\": 1\\n}\",\"LoadOrder\":0,\"GridGUID\":\"2c339a9c-4065-41e7-b33f-59581e759ac5\",\"OriginCoordinate\":{\"x\":3.0,\"y\":0.0},\"Rotation\":0}",
            "AdditionalDatas": []
        },
        {
            "DataType": "GridItemData",
            "DataVersion": 0,
            "GameVersion": "0.4.0f5",
            "BaseData": "{\"DataType\":\"GridItemData\",\"DataVersion\":0,\"GameVersion\":\"0.4.0f5\",\"GUID\":\"2f722f26-2b42-41f3-84e5-a07def4d9515\",\"ItemString\":\"{\\n    \\\"DataType\\\": \\\"ItemData\\\",\\n    \\\"DataVersion\\\": 0,\\n    \\\"GameVersion\\\": \\\"0.4.0f5\\\",\\n    \\\"ID\\\": \\\"potsprinkler\\\",\\n    \\\"Quantity\\\": 1\\n}\",\"LoadOrder\":0,\"GridGUID\":\"2c339a9c-4065-41e7-b33f-59581e759ac5\",\"OriginCoordinate\":{\"x\":5.0,\"y\":3.0},\"Rotation\":90}",
            "AdditionalDatas": []
        },
        {
            "DataType": "GridItemData",
            "DataVersion": 0,
            "GameVersion": "0.4.0f5",
            "BaseData": "{\"DataType\":\"GridItemData\",\"DataVersion\":0,\"GameVersion\":\"0.4.0f5\",\"GUID\":\"56255668-8c1b-4fb9-a5f3-88a25ab8ad01\",\"ItemString\":\"{\\n    \\\"DataType\\\": \\\"ItemData\\\",\\n    \\\"DataVersion\\\": 0,\\n    \\\"GameVersion\\\": \\\"0.4.0f5\\\",\\n    \\\"ID\\\": \\\"potsprinkler\\\",\\n    \\\"Quantity\\\": 1\\n}\",\"LoadOrder\":0,\"GridGUID\":\"2c339a9c-4065-41e7-b33f-59581e759ac5\",\"OriginCoordinate\":{\"x\":5.0,\"y\":9.0},\"Rotation\":90}",
            "AdditionalDatas": []
        },
        {
            "DataType": "GridItemData",
            "DataVersion": 0,
            "GameVersion": "0.4.0f5",
            "BaseData": "{\"DataType\":\"GridItemData\",\"DataVersion\":0,\"GameVersion\":\"0.4.0f5\",\"GUID\":\"1c2781d6-22ae-4221-bc7c-fdc5d0e9f91c\",\"ItemString\":\"{\\n    \\\"DataType\\\": \\\"ItemData\\\",\\n    \\\"DataVersion\\\": 0,\\n    \\\"GameVersion\\\": \\\"0.4.0f5\\\",\\n    \\\"ID\\\": \\\"potsprinkler\\\",\\n    \\\"Quantity\\\": 1\\n}\",\"LoadOrder\":0,\"GridGUID\":\"2c339a9c-4065-41e7-b33f-59581e759ac5\",\"OriginCoordinate\":{\"x\":5.0,\"y\":7.0},\"Rotation\":90}",
            "AdditionalDatas": []
        },
        {
            "DataType": "SoilPourerData",
            "DataVersion": 0,
            "GameVersion": "0.4.0f5",
            "BaseData": "{\"DataType\":\"SoilPourerData\",\"DataVersion\":0,\"GameVersion\":\"0.4.0f5\",\"GUID\":\"512873f3-3716-4b7b-b353-96e07ff9e04a\",\"ItemString\":\"{\\n    \\\"DataType\\\": \\\"ItemData\\\",\\n    \\\"DataVersion\\\": 0,\\n    \\\"GameVersion\\\": \\\"0.4.0f5\\\",\\n    \\\"ID\\\": \\\"soilpourer\\\",\\n    \\\"Quantity\\\": 1\\n}\",\"LoadOrder\":0,\"GridGUID\":\"2c339a9c-4065-41e7-b33f-59581e759ac5\",\"OriginCoordinate\":{\"x\":8.0,\"y\":8.0},\"Rotation\":-90,\"SoilID\":\"\"}",
            "AdditionalDatas": []
        },
        {
            "DataType": "SoilPourerData",
            "DataVersion": 0,
            "GameVersion": "0.4.0f5",
            "BaseData": "{\"DataType\":\"SoilPourerData\",\"DataVersion\":0,\"GameVersion\":\"0.4.0f5\",\"GUID\":\"bc0af905-fe11-4eec-a43e-34df3e2675d4\",\"ItemString\":\"{\\n    \\\"DataType\\\": \\\"ItemData\\\",\\n    \\\"DataVersion\\\": 0,\\n    \\\"GameVersion\\\": \\\"0.4.0f5\\\",\\n    \\\"ID\\\": \\\"soilpourer\\\",\\n    \\\"Quantity\\\": 1\\n}\",\"LoadOrder\":0,\"GridGUID\":\"2c339a9c-4065-41e7-b33f-59581e759ac5\",\"OriginCoordinate\":{\"x\":8.0,\"y\":6.0},\"Rotation\":-90,\"SoilID\":\"longlifesoil\"}",
            "AdditionalDatas": []
        },
        {
            "DataType": "SoilPourerData",
            "DataVersion": 0,
            "GameVersion": "0.4.0f5",
            "BaseData": "{\"DataType\":\"SoilPourerData\",\"DataVersion\":0,\"GameVersion\":\"0.4.0f5\",\"GUID\":\"4d1904cf-bf5d-41fc-a5e7-4d873b2a4c90\",\"ItemString\":\"{\\n    \\\"DataType\\\": \\\"ItemData\\\",\\n    \\\"DataVersion\\\": 0,\\n    \\\"GameVersion\\\": \\\"0.4.0f5\\\",\\n    \\\"ID\\\": \\\"soilpourer\\\",\\n    \\\"Quantity\\\": 1\\n}\",\"LoadOrder\":0,\"GridGUID\":\"2c339a9c-4065-41e7-b33f-59581e759ac5\",\"OriginCoordinate\":{\"x\":8.0,\"y\":0.0},\"Rotation\":-90,\"SoilID\":\"longlifesoil\"}",
            "AdditionalDatas": []
        },
        {
            "DataType": "SoilPourerData",
            "DataVersion": 0,
            "GameVersion": "0.4.0f5",
            "BaseData": "{\"DataType\":\"SoilPourerData\",\"DataVersion\":0,\"GameVersion\":\"0.4.0f5\",\"GUID\":\"42f428f8-60b9-4635-9771-be3f48dabadf\",\"ItemString\":\"{\\n    \\\"DataType\\\": \\\"ItemData\\\",\\n    \\\"DataVersion\\\": 0,\\n    \\\"GameVersion\\\": \\\"0.4.0f5\\\",\\n    \\\"ID\\\": \\\"soilpourer\\\",\\n    \\\"Quantity\\\": 1\\n}\",\"LoadOrder\":0,\"GridGUID\":\"2c339a9c-4065-41e7-b33f-59581e759ac5\",\"OriginCoordinate\":{\"x\":8.0,\"y\":2.0},\"Rotation\":-90,\"SoilID\":\"longlifesoil\"}",
            "AdditionalDatas": []
        },
        {
            "DataType": "PotData",
            "DataVersion": 0,
            "GameVersion": "0.4.0f5",
            "BaseData": "{\"DataType\":\"PotData\",\"DataVersion\":0,\"GameVersion\":\"0.4.0f5\",\"GUID\":\"465f519c-6442-45b6-8304-1a0e8c47780a\",\"ItemString\":\"{\\n    \\\"DataType\\\": \\\"ItemData\\\",\\n    \\\"DataVersion\\\": 0,\\n    \\\"GameVersion\\\": \\\"0.4.0f5\\\",\\n    \\\"ID\\\": \\\"airpot\\\",\\n    \\\"Quantity\\\": 1\\n}\",\"LoadOrder\":0,\"GridGUID\":\"2c339a9c-4065-41e7-b33f-59581e759ac5\",\"OriginCoordinate\":{\"x\":7.0,\"y\":4.0},\"Rotation\":-90,\"SoilID\":\"longlifesoil\",\"SoilLevel\":20.0,\"RemainingSoilUses\":1,\"WaterLevel\":3.0458474159240724,\"AppliedAdditives\":[],\"PlantData\":{\"DataType\":\"PlantData\",\"DataVersion\":0,\"GameVersion\":\"0.4.0f5\",\"SeedID\":\"granddaddypurpleseed\",\"GrowthProgress\":0.009902777150273323,\"YieldLevel\":1.0,\"QualityLevel\":0.5,\"ActiveBuds\":[]}}",
            "AdditionalDatas": [
                {
                    "Name": "Configuration",
                    "Contents": "{\n    \"DataType\": \"PotConfigurationData\",\n    \"DataVersion\": 0,\n    \"GameVersion\": \"0.4.0f5\",\n    \"Seed\": {\n        \"ItemID\": \"\"\n    },\n    \"Additive1\": {\n        \"ItemID\": \"fertilizer\"\n    },\n    \"Additive2\": {\n        \"ItemID\": \"pgr\"\n    },\n    \"Additive3\": {\n        \"ItemID\": \"\"\n    },\n    \"Destination\": {\n        \"ObjectGUID\": \"8ec8aa5d-26aa-48dc-a1c2-ce95e7277e38\"\n    }\n}"
                }
            ]
        },
        {
            "DataType": "GridItemData",
            "DataVersion": 0,
            "GameVersion": "0.4.0f5",
            "BaseData": "{\"DataType\":\"GridItemData\",\"DataVersion\":0,\"GameVersion\":\"0.4.0f5\",\"GUID\":\"ec1e7fda-7c09-4ab2-9f19-bab78c905c1b\",\"ItemString\":\"{\\n    \\\"DataType\\\": \\\"ItemData\\\",\\n    \\\"DataVersion\\\": 0,\\n    \\\"GameVersion\\\": \\\"0.4.0f5\\\",\\n    \\\"ID\\\": \\\"potsprinkler\\\",\\n    \\\"Quantity\\\": 1\\n}\",\"LoadOrder\":0,\"GridGUID\":\"2c339a9c-4065-41e7-b33f-59581e759ac5\",\"OriginCoordinate\":{\"x\":5.0,\"y\":5.0},\"Rotation\":90}",
            "AdditionalDatas": []
        },
        {
            "DataType": "GridItemData",
            "DataVersion": 0,
            "GameVersion": "0.4.0f5",
            "BaseData": "{\"DataType\":\"GridItemData\",\"DataVersion\":0,\"GameVersion\":\"0.4.0f5\",\"GUID\":\"16a14de0-6a10-4aa3-9681-9b7eacfd68fa\",\"ItemString\":\"{\\n    \\\"DataType\\\": \\\"ItemData\\\",\\n    \\\"DataVersion\\\": 0,\\n    \\\"GameVersion\\\": \\\"0.4.0f5\\\",\\n    \\\"ID\\\": \\\"suspensionrack\\\",\\n    \\\"Quantity\\\": 1\\n}\",\"LoadOrder\":0,\"GridGUID\":\"2c339a9c-4065-41e7-b33f-59581e759ac5\",\"OriginCoordinate\":{\"x\":6.0,\"y\":4.0},\"Rotation\":0}",
            "AdditionalDatas": []
        },
        {
            "DataType": "ProceduralGridItemData",
            "DataVersion": 0,
            "GameVersion": "0.4.0f5",
            "BaseData": "{\"DataType\":\"ProceduralGridItemData\",\"DataVersion\":0,\"GameVersion\":\"0.4.0f5\",\"GUID\":\"a1ca0f1f-882e-48ea-947a-6d7a40540922\",\"ItemString\":\"{\\n    \\\"DataType\\\": \\\"ItemData\\\",\\n    \\\"DataVersion\\\": 0,\\n    \\\"GameVersion\\\": \\\"0.4.0f5\\\",\\n    \\\"ID\\\": \\\"fullspectrumgrowlight\\\",\\n    \\\"Quantity\\\": 1\\n}\",\"LoadOrder\":50,\"Rotation\":0,\"FootprintMatches\":[{\"TileOwnerGUID\":\"16a14de0-6a10-4aa3-9681-9b7eacfd68fa\",\"TileIndex\":2,\"FootprintCoordinate\":{\"x\":0.0,\"y\":0.0}},{\"TileOwnerGUID\":\"16a14de0-6a10-4aa3-9681-9b7eacfd68fa\",\"TileIndex\":1,\"FootprintCoordinate\":{\"x\":0.0,\"y\":1.0}},{\"TileOwnerGUID\":\"16a14de0-6a10-4aa3-9681-9b7eacfd68fa\",\"TileIndex\":3,\"FootprintCoordinate\":{\"x\":1.0,\"y\":0.0}},{\"TileOwnerGUID\":\"16a14de0-6a10-4aa3-9681-9b7eacfd68fa\",\"TileIndex\":0,\"FootprintCoordinate\":{\"x\":1.0,\"y\":1.0}}]}",
            "AdditionalDatas": []
        },
        {
            "DataType": "SoilPourerData",
            "DataVersion": 0,
            "GameVersion": "0.4.0f5",
            "BaseData": "{\"DataType\":\"SoilPourerData\",\"DataVersion\":0,\"GameVersion\":\"0.4.0f5\",\"GUID\":\"934104a5-a74b-4db6-98ce-290ba281694a\",\"ItemString\":\"{\\n    \\\"DataType\\\": \\\"ItemData\\\",\\n    \\\"DataVersion\\\": 0,\\n    \\\"GameVersion\\\": \\\"0.4.0f5\\\",\\n    \\\"ID\\\": \\\"soilpourer\\\",\\n    \\\"Quantity\\\": 1\\n}\",\"LoadOrder\":0,\"GridGUID\":\"2c339a9c-4065-41e7-b33f-59581e759ac5\",\"OriginCoordinate\":{\"x\":8.0,\"y\":4.0},\"Rotation\":-90,\"SoilID\":\"\"}",
            "AdditionalDatas": []
        },
        {
            "DataType": "PlaceableStorageData",
            "DataVersion": 0,
            "GameVersion": "0.4.0f5",
            "BaseData": "{\"DataType\":\"PlaceableStorageData\",\"DataVersion\":0,\"GameVersion\":\"0.4.0f5\",\"GUID\":\"1611ed7f-8c77-4fff-8de8-20032a262a26\",\"ItemString\":\"{\\n    \\\"DataType\\\": \\\"ItemData\\\",\\n    \\\"DataVersion\\\": 0,\\n    \\\"GameVersion\\\": \\\"0.4.0f5\\\",\\n    \\\"ID\\\": \\\"locker\\\",\\n    \\\"Quantity\\\": 1\\n}\",\"LoadOrder\":0,\"GridGUID\":\"2c339a9c-4065-41e7-b33f-59581e759ac5\",\"OriginCoordinate\":{\"x\":0.0,\"y\":9.0},\"Rotation\":0,\"Contents\":{\"Items\":[\"{\\\"DataType\\\":\\\"CashData\\\",\\\"DataVersion\\\":0,\\\"GameVersion\\\":\\\"0.4.0f5\\\",\\\"ID\\\":\\\"cash\\\",\\\"Quantity\\\":1,\\\"CashBalance\\\":200.0}\",\"{\\\"DataType\\\":\\\"ItemData\\\",\\\"DataVersion\\\":0,\\\"GameVersion\\\":\\\"0.4.0f5\\\",\\\"ID\\\":\\\"jar\\\",\\\"Quantity\\\":20}\",\"{\\\"DataType\\\":\\\"ItemData\\\",\\\"DataVersion\\\":0,\\\"GameVersion\\\":\\\"0.4.0f5\\\",\\\"ID\\\":\\\"jar\\\",\\\"Quantity\\\":20}\",\"{\\\"DataType\\\":\\\"ItemData\\\",\\\"DataVersion\\\":0,\\\"GameVersion\\\":\\\"0.4.0f5\\\",\\\"ID\\\":\\\"\\\",\\\"Quantity\\\":0}\",\"{\\\"DataType\\\":\\\"ItemData\\\",\\\"DataVersion\\\":0,\\\"GameVersion\\\":\\\"0.4.0f5\\\",\\\"ID\\\":\\\"\\\",\\\"Quantity\\\":0}\",\"{\\\"DataType\\\":\\\"ItemData\\\",\\\"DataVersion\\\":0,\\\"GameVersion\\\":\\\"0.4.0f5\\\",\\\"ID\\\":\\\"\\\",\\\"Quantity\\\":0}\"],\"SlotFilters\":[{\"Type\":0,\"ItemIDs\":[],\"AllowedQualities\":[0,1,2,3,4]},{\"Type\":0,\"ItemIDs\":[],\"AllowedQualities\":[0,1,2,3,4]},{\"Type\":0,\"ItemIDs\":[],\"AllowedQualities\":[0,1,2,3,4]},{\"Type\":0,\"ItemIDs\":[],\"AllowedQualities\":[0,1,2,3,4]},{\"Type\":0,\"ItemIDs\":[],\"AllowedQualities\":[0,1,2,3,4]},{\"Type\":0,\"ItemIDs\":[],\"AllowedQualities\":[0,1,2,3,4]}]}}",
            "AdditionalDatas": []
        }
    ]
}