{
    "DataType": "PropertyData",
    "DataVersion": 0,
    "GameVersion": "0.4.0f5",
    "PropertyCode": "sweatshop",
    "IsOwned": true,
    "SwitchStates": [
        true
    ],
    "ToggleableStates": [
        true,
        true
    ],
    "Employees": [
        {
            "DataType": "ChemistData",
            "DataVersion": 0,
            "GameVersion": "0.4.0f5",
            "BaseData": "{\"DataType\":\"ChemistData\",\"DataVersion\":0,\"GameVersion\":\"0.4.0f5\",\"ID\":\"betty_baker\",\"AssignedProperty\":\"sweatshop\",\"FirstName\":\"Betty\",\"LastName\":\"Baker\",\"IsMale\":false,\"AppearanceIndex\":4,\"Position\":{\"x\":-62.53288269042969,\"y\":-4.009995460510254,\"z\":143.63330078125},\"Rotation\":{\"x\":0.0,\"y\":-0.25087153911590578,\"z\":0.0,\"w\":0.9680203795433044},\"GUID\":\"60d9cda4-803e-4285-b235-67fd306458c6\",\"PaidForToday\":true,\"MoveItemData\":{\"TemplateItemJSON\":\"\",\"GrabbedItemQuantity\":0,\"SourceGUID\":\"\",\"DestinationGUID\":\"\"}}",
            "AdditionalDatas": [
                {
                    "Name": "Configuration",
                    "Contents": "{\n    \"DataType\": \"ChemistConfigurationData\",\n    \"DataVersion\": 0,\n    \"GameVersion\": \"0.4.0f5\",\n    \"Bed\": {\n        \"ObjectGUID\": \"cd052c89-44f1-41ab-b50a-ef416a23d9aa\"\n    },\n    \"Stations\": {\n        \"ObjectGUIDs\": [\n            \"61b961fd-b3a0-4480-bdf6-8138d6b4acef\"\n        ]\n    }\n}"
                }
            ]
        }
    ],
    "Objects": [
        {
            "DataType": "SurfaceItemData",
            "DataVersion": 0,
            "GameVersion": "0.4.0f5",
            "BaseData": "{\"DataType\":\"SurfaceItemData\",\"DataVersion\":0,\"GameVersion\":\"0.4.0f5\",\"GUID\":\"86a01481-4770-400b-9872-af47f470f86c\",\"ItemString\":\"{\\n    \\\"DataType\\\": \\\"ItemData\\\",\\n    \\\"DataVersion\\\": 0,\\n    \\\"GameVersion\\\": \\\"0.4.0f5\\\",\\n    \\\"ID\\\": \\\"wallclock\\\",\\n    \\\"Quantity\\\": 1\\n}\",\"LoadOrder\":25,\"ParentSurfaceGUID\":\"6e553416-6d23-4f09-8b1e-1689b15bef96\",\"RelativePosition\":{\"x\":-0.5873880386352539,\"y\":2.500000238418579,\"z\":2.576265573501587},\"RelativeRotation\":{\"x\":0.7071070075035095,\"y\":0.0,\"z\":0.0,\"w\":0.7071065306663513}}",
            "AdditionalDatas": []
        },
        {
            "DataType": "MixingStationData",
            "DataVersion": 0,
            "GameVersion": "0.4.0f5",
            "BaseData": "{\"DataType\":\"MixingStationData\",\"DataVersion\":0,\"GameVersion\":\"0.4.0f5\",\"GUID\":\"61b961fd-b3a0-4480-bdf6-8138d6b4acef\",\"ItemString\":\"{\\n    \\\"DataType\\\": \\\"ItemData\\\",\\n    \\\"DataVersion\\\": 0,\\n    \\\"GameVersion\\\": \\\"0.4.0f5\\\",\\n    \\\"ID\\\": \\\"mixingstation\\\",\\n    \\\"Quantity\\\": 1\\n}\",\"LoadOrder\":0,\"GridGUID\":\"46a785d3-e21e-4117-8366-ebddea345dee\",\"OriginCoordinate\":{\"x\":6.0,\"y\":11.0},\"Rotation\":180,\"ProductContents\":{\"Items\":[\"{\\\"DataType\\\":\\\"ItemData\\\",\\\"DataVersion\\\":0,\\\"GameVersion\\\":\\\"0.4.0f5\\\",\\\"ID\\\":\\\"\\\",\\\"Quantity\\\":0}\"],\"SlotFilters\":[{\"Type\":0,\"ItemIDs\":[],\"AllowedQualities\":[0,1,2,3,4]}]},\"MixerContents\":{\"Items\":[\"{\\\"DataType\\\":\\\"ItemData\\\",\\\"DataVersion\\\":0,\\\"GameVersion\\\":\\\"0.4.0f5\\\",\\\"ID\\\":\\\"\\\",\\\"Quantity\\\":0}\"],\"SlotFilters\":[{\"Type\":0,\"ItemIDs\":[],\"AllowedQualities\":[0,1,2,3,4]}]},\"OutputContents\":{\"Items\":[\"{\\\"DataType\\\":\\\"ItemData\\\",\\\"DataVersion\\\":0,\\\"GameVersion\\\":\\\"0.4.0f5\\\",\\\"ID\\\":\\\"\\\",\\\"Quantity\\\":0}\"],\"SlotFilters\":[{\"Type\":0,\"ItemIDs\":[],\"AllowedQualities\":[0,1,2,3,4]}]},\"CurrentMixOperation\":{\"ProductID\":\"\",\"ProductQuality\":0,\"IngredientID\":\"\",\"Quantity\":0},\"CurrentMixTime\":0}",
            "AdditionalDatas": [
                {
                    "Name": "Configuration",
                    "Contents": "{\n    \"DataType\": \"MixingStationConfigurationData\",\n    \"DataVersion\": 0,\n    \"GameVersion\": \"0.4.0f5\",\n    \"Destination\": {\n        \"ObjectGUID\": \"02981ff2-e0f7-4090-8a6a-6f7b084e439f\"\n    },\n    \"Threshold\": {\n        \"Value\": 10.0\n    }\n}"
                }
            ]
        },
        {
            "DataType": "GridItemData",
            "DataVersion": 0,
            "GameVersion": "0.4.0f5",
            "BaseData": "{\"DataType\":\"GridItemData\",\"DataVersion\":0,\"GameVersion\":\"0.4.0f5\",\"GUID\":\"4e3ac96d-1bfe-432c-9de3-cff4acd8acfc\",\"ItemString\":\"{\\n    \\\"DataType\\\": \\\"ItemData\\\",\\n    \\\"DataVersion\\\": 0,\\n    \\\"GameVersion\\\": \\\"0.4.0f5\\\",\\n    \\\"ID\\\": \\\"suspensionrack\\\",\\n    \\\"Quantity\\\": 1\\n}\",\"LoadOrder\":0,\"GridGUID\":\"46a785d3-e21e-4117-8366-ebddea345dee\",\"OriginCoordinate\":{\"x\":8.0,\"y\":4.0},\"Rotation\":0}",
            "AdditionalDatas": []
        },
        {
            "DataType": "PotData",
            "DataVersion": 0,
            "GameVersion": "0.4.0f5",
            "BaseData": "{\"DataType\":\"PotData\",\"DataVersion\":0,\"GameVersion\":\"0.4.0f5\",\"GUID\":\"e098cfdf-4b4f-4b6c-a414-6e4721b641a4\",\"ItemString\":\"{\\n    \\\"DataType\\\": \\\"ItemData\\\",\\n    \\\"DataVersion\\\": 0,\\n    \\\"GameVersion\\\": \\\"0.4.0f5\\\",\\n    \\\"ID\\\": \\\"airpot\\\",\\n    \\\"Quantity\\\": 1\\n}\",\"LoadOrder\":0,\"GridGUID\":\"46a785d3-e21e-4117-8366-ebddea345dee\",\"OriginCoordinate\":{\"x\":9.0,\"y\":4.0},\"Rotation\":-90,\"SoilID\":\"extralonglifesoil\",\"SoilLevel\":20.0,\"RemainingSoilUses\":2,\"WaterLevel\":0.0,\"AppliedAdditives\":[],\"PlantData\":{\"DataType\":\"PlantData\",\"DataVersion\":0,\"GameVersion\":\"0.4.0f5\",\"SeedID\":\"greencrackseed\",\"GrowthProgress\":0.8285308480262756,\"YieldLevel\":1.0,\"QualityLevel\":0.5,\"ActiveBuds\":[]}}",
            "AdditionalDatas": []
        },
        {
            "DataType": "ProceduralGridItemData",
            "DataVersion": 0,
            "GameVersion": "0.4.0f5",
            "BaseData": "{\"DataType\":\"ProceduralGridItemData\",\"DataVersion\":0,\"GameVersion\":\"0.4.0f5\",\"GUID\":\"32a2ab73-8a6c-4d67-af14-7a4718fa5023\",\"ItemString\":\"{\\n    \\\"DataType\\\": \\\"ItemData\\\",\\n    \\\"DataVersion\\\": 0,\\n    \\\"GameVersion\\\": \\\"0.4.0f5\\\",\\n    \\\"ID\\\": \\\"fullspectrumgrowlight\\\",\\n    \\\"Quantity\\\": 1\\n}\",\"LoadOrder\":50,\"Rotation\":0,\"FootprintMatches\":[{\"TileOwnerGUID\":\"4e3ac96d-1bfe-432c-9de3-cff4acd8acfc\",\"TileIndex\":2,\"FootprintCoordinate\":{\"x\":0.0,\"y\":0.0}},{\"TileOwnerGUID\":\"4e3ac96d-1bfe-432c-9de3-cff4acd8acfc\",\"TileIndex\":1,\"FootprintCoordinate\":{\"x\":0.0,\"y\":1.0}},{\"TileOwnerGUID\":\"4e3ac96d-1bfe-432c-9de3-cff4acd8acfc\",\"TileIndex\":3,\"FootprintCoordinate\":{\"x\":1.0,\"y\":0.0}},{\"TileOwnerGUID\":\"4e3ac96d-1bfe-432c-9de3-cff4acd8acfc\",\"TileIndex\":0,\"FootprintCoordinate\":{\"x\":1.0,\"y\":1.0}}]}",
            "AdditionalDatas": []
        },
        {
            "DataType": "GridItemData",
            "DataVersion": 0,
            "GameVersion": "0.4.0f5",
            "BaseData": "{\"DataType\":\"GridItemData\",\"DataVersion\":0,\"GameVersion\":\"0.4.0f5\",\"GUID\":\"ce39c615-51cc-4b49-bee9-436cff60862b\",\"ItemString\":\"{\\n    \\\"DataType\\\": \\\"ItemData\\\",\\n    \\\"DataVersion\\\": 0,\\n    \\\"GameVersion\\\": \\\"0.4.0f5\\\",\\n    \\\"ID\\\": \\\"potsprinkler\\\",\\n    \\\"Quantity\\\": 1\\n}\",\"LoadOrder\":0,\"GridGUID\":\"46a785d3-e21e-4117-8366-ebddea345dee\",\"OriginCoordinate\":{\"x\":8.0,\"y\":3.0},\"Rotation\":0}",
            "AdditionalDatas": []
        },
        {
            "DataType": "PlaceableStorageData",
            "DataVersion": 0,
            "GameVersion": "0.4.0f5",
            "BaseData": "{\"DataType\":\"PlaceableStorageData\",\"DataVersion\":0,\"GameVersion\":\"0.4.0f5\",\"GUID\":\"6825cfb0-bc26-46cd-b3bc-06f9573cc733\",\"ItemString\":\"{\\n    \\\"DataType\\\": \\\"ItemData\\\",\\n    \\\"DataVersion\\\": 0,\\n    \\\"GameVersion\\\": \\\"0.4.0f5\\\",\\n    \\\"ID\\\": \\\"smallstoragerack\\\",\\n    \\\"Quantity\\\": 1\\n}\",\"LoadOrder\":0,\"GridGUID\":\"46a785d3-e21e-4117-8366-ebddea345dee\",\"OriginCoordinate\":{\"x\":12.0,\"y\":11.0},\"Rotation\":90,\"Contents\":{\"Items\":[\"{\\\"DataType\\\":\\\"WeedData\\\",\\\"DataVersion\\\":0,\\\"GameVersion\\\":\\\"0.4.0f5\\\",\\\"ID\\\":\\\"purpleslime\\\",\\\"Quantity\\\":3,\\\"Quality\\\":\\\"Standard\\\",\\\"PackagingID\\\":\\\"\\\"}\",\"{\\\"DataType\\\":\\\"ItemData\\\",\\\"DataVersion\\\":0,\\\"GameVersion\\\":\\\"0.4.0f5\\\",\\\"ID\\\":\\\"chili\\\",\\\"Quantity\\\":5}\",\"{\\\"DataType\\\":\\\"ItemData\\\",\\\"DataVersion\\\":0,\\\"GameVersion\\\":\\\"0.4.0f5\\\",\\\"ID\\\":\\\"\\\",\\\"Quantity\\\":0}\",\"{\\\"DataType\\\":\\\"ItemData\\\",\\\"DataVersion\\\":0,\\\"GameVersion\\\":\\\"0.4.0f5\\\",\\\"ID\\\":\\\"addy\\\",\\\"Quantity\\\":10}\"],\"SlotFilters\":[{\"Type\":0,\"ItemIDs\":[],\"AllowedQualities\":[0,1,2,3,4]},{\"Type\":0,\"ItemIDs\":[],\"AllowedQualities\":[0,1,2,3,4]},{\"Type\":0,\"ItemIDs\":[],\"AllowedQualities\":[0,1,2,3,4]},{\"Type\":0,\"ItemIDs\":[],\"AllowedQualities\":[0,1,2,3,4]}]}}",
            "AdditionalDatas": []
        },
        {
            "DataType": "PlaceableStorageData",
            "DataVersion": 0,
            "GameVersion": "0.4.0f5",
            "BaseData": "{\"DataType\":\"PlaceableStorageData\",\"DataVersion\":0,\"GameVersion\":\"0.4.0f5\",\"GUID\":\"fa6b65d0-0bee-47b4-b715-497a1552590b\",\"ItemString\":\"{\\n    \\\"DataType\\\": \\\"ItemData\\\",\\n    \\\"DataVersion\\\": 0,\\n    \\\"GameVersion\\\": \\\"0.4.0f5\\\",\\n    \\\"ID\\\": \\\"mediumstoragerack\\\",\\n    \\\"Quantity\\\": 1\\n}\",\"LoadOrder\":0,\"GridGUID\":\"46a785d3-e21e-4117-8366-ebddea345dee\",\"OriginCoordinate\":{\"x\":13.0,\"y\":11.0},\"Rotation\":90,\"Contents\":{\"Items\":[\"{\\\"DataType\\\":\\\"ItemData\\\",\\\"DataVersion\\\":0,\\\"GameVersion\\\":\\\"0.4.0f5\\\",\\\"ID\\\":\\\"donut\\\",\\\"Quantity\\\":20}\",\"{\\\"DataType\\\":\\\"ItemData\\\",\\\"DataVersion\\\":0,\\\"GameVersion\\\":\\\"0.4.0f5\\\",\\\"ID\\\":\\\"\\\",\\\"Quantity\\\":0}\",\"{\\\"DataType\\\":\\\"ItemData\\\",\\\"DataVersion\\\":0,\\\"GameVersion\\\":\\\"0.4.0f5\\\",\\\"ID\\\":\\\"donut\\\",\\\"Quantity\\\":10}\",\"{\\\"DataType\\\":\\\"ItemData\\\",\\\"DataVersion\\\":0,\\\"GameVersion\\\":\\\"0.4.0f5\\\",\\\"ID\\\":\\\"megabean\\\",\\\"Quantity\\\":20}\",\"{\\\"DataType\\\":\\\"ItemData\\\",\\\"DataVersion\\\":0,\\\"GameVersion\\\":\\\"0.4.0f5\\\",\\\"ID\\\":\\\"megabean\\\",\\\"Quantity\\\":20}\",\"{\\\"DataType\\\":\\\"ItemData\\\",\\\"DataVersion\\\":0,\\\"GameVersion\\\":\\\"0.4.0f5\\\",\\\"ID\\\":\\\"\\\",\\\"Quantity\\\":0}\"],\"SlotFilters\":[{\"Type\":0,\"ItemIDs\":[],\"AllowedQualities\":[0,1,2,3,4]},{\"Type\":0,\"ItemIDs\":[],\"AllowedQualities\":[0,1,2,3,4]},{\"Type\":0,\"ItemIDs\":[],\"AllowedQualities\":[0,1,2,3,4]},{\"Type\":0,\"ItemIDs\":[],\"AllowedQualities\":[0,1,2,3,4]},{\"Type\":0,\"ItemIDs\":[],\"AllowedQualities\":[0,1,2,3,4]},{\"Type\":0,\"ItemIDs\":[],\"AllowedQualities\":[0,1,2,3,4]}]}}",
            "AdditionalDatas": []
        },
        {
            "DataType": "PlaceableStorageData",
            "DataVersion": 0,
            "GameVersion": "0.4.0f5",
            "BaseData": "{\"DataType\":\"PlaceableStorageData\",\"DataVersion\":0,\"GameVersion\":\"0.4.0f5\",\"GUID\":\"0bd136f5-0f4f-421d-b011-663c38367cd5\",\"ItemString\":\"{\\n    \\\"DataType\\\": \\\"ItemData\\\",\\n    \\\"DataVersion\\\": 0,\\n    \\\"GameVersion\\\": \\\"0.4.0f5\\\",\\n    \\\"ID\\\": \\\"bed\\\",\\n    \\\"Quantity\\\": 1\\n}\",\"LoadOrder\":0,\"GridGUID\":\"46a785d3-e21e-4117-8366-ebddea345dee\",\"OriginCoordinate\":{\"x\":16.0,\"y\":6.0},\"Rotation\":-90,\"Contents\":{\"Items\":[\"{\\\"DataType\\\":\\\"ItemData\\\",\\\"DataVersion\\\":0,\\\"GameVersion\\\":\\\"0.4.0f5\\\",\\\"ID\\\":\\\"\\\",\\\"Quantity\\\":0}\",\"{\\\"DataType\\\":\\\"ItemData\\\",\\\"DataVersion\\\":0,\\\"GameVersion\\\":\\\"0.4.0f5\\\",\\\"ID\\\":\\\"\\\",\\\"Quantity\\\":0}\",\"{\\\"DataType\\\":\\\"ItemData\\\",\\\"DataVersion\\\":0,\\\"GameVersion\\\":\\\"0.4.0f5\\\",\\\"ID\\\":\\\"\\\",\\\"Quantity\\\":0}\",\"{\\\"DataType\\\":\\\"ItemData\\\",\\\"DataVersion\\\":0,\\\"GameVersion\\\":\\\"0.4.0f5\\\",\\\"ID\\\":\\\"\\\",\\\"Quantity\\\":0}\"],\"SlotFilters\":[{\"Type\":0,\"ItemIDs\":[],\"AllowedQualities\":[0,1,2,3,4]},{\"Type\":0,\"ItemIDs\":[],\"AllowedQualities\":[0,1,2,3,4]},{\"Type\":0,\"ItemIDs\":[],\"AllowedQualities\":[0,1,2,3,4]},{\"Type\":0,\"ItemIDs\":[],\"AllowedQualities\":[0,1,2,3,4]}]}}",
            "AdditionalDatas": []
        },
        {
            "DataType": "PlaceableStorageData",
            "DataVersion": 0,
            "GameVersion": "0.4.0f5",
            "BaseData": "{\"DataType\":\"PlaceableStorageData\",\"DataVersion\":0,\"GameVersion\":\"0.4.0f5\",\"GUID\":\"53df40f8-f2c0-4791-9377-d68cb080adb5\",\"ItemString\":\"{\\n    \\\"DataType\\\": \\\"ItemData\\\",\\n    \\\"DataVersion\\\": 0,\\n    \\\"GameVersion\\\": \\\"0.4.0f5\\\",\\n    \\\"ID\\\": \\\"mediumstoragerack\\\",\\n    \\\"Quantity\\\": 1\\n}\",\"LoadOrder\":0,\"GridGUID\":\"46a785d3-e21e-4117-8366-ebddea345dee\",\"OriginCoordinate\":{\"x\":14.0,\"y\":9.0},\"Rotation\":-90,\"Contents\":{\"Items\":[\"{\\\"DataType\\\":\\\"ItemData\\\",\\\"DataVersion\\\":0,\\\"GameVersion\\\":\\\"0.4.0f5\\\",\\\"ID\\\":\\\"chili\\\",\\\"Quantity\\\":20}\",\"{\\\"DataType\\\":\\\"ItemData\\\",\\\"DataVersion\\\":0,\\\"GameVersion\\\":\\\"0.4.0f5\\\",\\\"ID\\\":\\\"\\\",\\\"Quantity\\\":0}\",\"{\\\"DataType\\\":\\\"ItemData\\\",\\\"DataVersion\\\":0,\\\"GameVersion\\\":\\\"0.4.0f5\\\",\\\"ID\\\":\\\"jar\\\",\\\"Quantity\\\":20}\",\"{\\\"DataType\\\":\\\"ItemData\\\",\\\"DataVersion\\\":0,\\\"GameVersion\\\":\\\"0.4.0f5\\\",\\\"ID\\\":\\\"\\\",\\\"Quantity\\\":0}\",\"{\\\"DataType\\\":\\\"ItemData\\\",\\\"DataVersion\\\":0,\\\"GameVersion\\\":\\\"0.4.0f5\\\",\\\"ID\\\":\\\"trashbag\\\",\\\"Quantity\\\":9}\",\"{\\\"DataType\\\":\\\"ItemData\\\",\\\"DataVersion\\\":0,\\\"GameVersion\\\":\\\"0.4.0f5\\\",\\\"ID\\\":\\\"\\\",\\\"Quantity\\\":0}\"],\"SlotFilters\":[{\"Type\":0,\"ItemIDs\":[],\"AllowedQualities\":[0,1,2,3,4]},{\"Type\":0,\"ItemIDs\":[],\"AllowedQualities\":[0,1,2,3,4]},{\"Type\":0,\"ItemIDs\":[],\"AllowedQualities\":[0,1,2,3,4]},{\"Type\":0,\"ItemIDs\":[],\"AllowedQualities\":[0,1,2,3,4]},{\"Type\":0,\"ItemIDs\":[],\"AllowedQualities\":[0,1,2,3,4]},{\"Type\":0,\"ItemIDs\":[],\"AllowedQualities\":[0,1,2,3,4]}]}}",
            "AdditionalDatas": []
        },
        {
            "DataType": "GridItemData",
            "DataVersion": 0,
            "GameVersion": "0.4.0f5",
            "BaseData": "{\"DataType\":\"GridItemData\",\"DataVersion\":0,\"GameVersion\":\"0.4.0f5\",\"GUID\":\"6c8feff9-aa08-4d77-8235-1a5c9d4013a5\",\"ItemString\":\"{\\n    \\\"DataType\\\": \\\"ItemData\\\",\\n    \\\"DataVersion\\\": 0,\\n    \\\"GameVersion\\\": \\\"0.4.0f5\\\",\\n    \\\"ID\\\": \\\"suspensionrack\\\",\\n    \\\"Quantity\\\": 1\\n}\",\"LoadOrder\":0,\"GridGUID\":\"46a785d3-e21e-4117-8366-ebddea345dee\",\"OriginCoordinate\":{\"x\":8.0,\"y\":0.0},\"Rotation\":0}",
            "AdditionalDatas": []
        },
        {
            "DataType": "GridItemData",
            "DataVersion": 0,
            "GameVersion": "0.4.0f5",
            "BaseData": "{\"DataType\":\"GridItemData\",\"DataVersion\":0,\"GameVersion\":\"0.4.0f5\",\"GUID\":\"bf543de9-6b9b-4256-8c4d-c1dd5d5c8e0f\",\"ItemString\":\"{\\n    \\\"DataType\\\": \\\"ItemData\\\",\\n    \\\"DataVersion\\\": 0,\\n    \\\"GameVersion\\\": \\\"0.4.0f5\\\",\\n    \\\"ID\\\": \\\"potsprinkler\\\",\\n    \\\"Quantity\\\": 1\\n}\",\"LoadOrder\":0,\"GridGUID\":\"46a785d3-e21e-4117-8366-ebddea345dee\",\"OriginCoordinate\":{\"x\":9.0,\"y\":2.0},\"Rotation\":180}",
            "AdditionalDatas": []
        },
        {
            "DataType": "GridItemData",
            "DataVersion": 0,
            "GameVersion": "0.4.0f5",
            "BaseData": "{\"DataType\":\"GridItemData\",\"DataVersion\":0,\"GameVersion\":\"0.4.0f5\",\"GUID\":\"4a25b14d-269d-4972-9c45-7b84ce3b664d\",\"ItemString\":\"{\\n    \\\"DataType\\\": \\\"ItemData\\\",\\n    \\\"DataVersion\\\": 0,\\n    \\\"GameVersion\\\": \\\"0.4.0f5\\\",\\n    \\\"ID\\\": \\\"suspensionrack\\\",\\n    \\\"Quantity\\\": 1\\n}\",\"LoadOrder\":0,\"GridGUID\":\"46a785d3-e21e-4117-8366-ebddea345dee\",\"OriginCoordinate\":{\"x\":4.0,\"y\":0.0},\"Rotation\":0}",
            "AdditionalDatas": []
        },
        {
            "DataType": "GridItemData",
            "DataVersion": 0,
            "GameVersion": "0.4.0f5",
            "BaseData": "{\"DataType\":\"GridItemData\",\"DataVersion\":0,\"GameVersion\":\"0.4.0f5\",\"GUID\":\"95d01067-10bf-453b-81d8-b41dad1d4a8e\",\"ItemString\":\"{\\n    \\\"DataType\\\": \\\"ItemData\\\",\\n    \\\"DataVersion\\\": 0,\\n    \\\"GameVersion\\\": \\\"0.4.0f5\\\",\\n    \\\"ID\\\": \\\"potsprinkler\\\",\\n    \\\"Quantity\\\": 1\\n}\",\"LoadOrder\":0,\"GridGUID\":\"46a785d3-e21e-4117-8366-ebddea345dee\",\"OriginCoordinate\":{\"x\":5.0,\"y\":2.0},\"Rotation\":180}",
            "AdditionalDatas": []
        },
        {
            "DataType": "ProceduralGridItemData",
            "DataVersion": 0,
            "GameVersion": "0.4.0f5",
            "BaseData": "{\"DataType\":\"ProceduralGridItemData\",\"DataVersion\":0,\"GameVersion\":\"0.4.0f5\",\"GUID\":\"c1f0ee9d-ae1e-48d3-a71d-a8dcb70f3cf3\",\"ItemString\":\"{\\n    \\\"DataType\\\": \\\"ItemData\\\",\\n    \\\"DataVersion\\\": 0,\\n    \\\"GameVersion\\\": \\\"0.4.0f5\\\",\\n    \\\"ID\\\": \\\"fullspectrumgrowlight\\\",\\n    \\\"Quantity\\\": 1\\n}\",\"LoadOrder\":50,\"Rotation\":0,\"FootprintMatches\":[{\"TileOwnerGUID\":\"6c8feff9-aa08-4d77-8235-1a5c9d4013a5\",\"TileIndex\":2,\"FootprintCoordinate\":{\"x\":0.0,\"y\":0.0}},{\"TileOwnerGUID\":\"6c8feff9-aa08-4d77-8235-1a5c9d4013a5\",\"TileIndex\":1,\"FootprintCoordinate\":{\"x\":0.0,\"y\":1.0}},{\"TileOwnerGUID\":\"6c8feff9-aa08-4d77-8235-1a5c9d4013a5\",\"TileIndex\":3,\"FootprintCoordinate\":{\"x\":1.0,\"y\":0.0}},{\"TileOwnerGUID\":\"6c8feff9-aa08-4d77-8235-1a5c9d4013a5\",\"TileIndex\":0,\"FootprintCoordinate\":{\"x\":1.0,\"y\":1.0}}]}",
            "AdditionalDatas": []
        },
        {
            "DataType": "PotData",
            "DataVersion": 0,
            "GameVersion": "0.4.0f5",
            "BaseData": "{\"DataType\":\"PotData\",\"DataVersion\":0,\"GameVersion\":\"0.4.0f5\",\"GUID\":\"dba954f8-d1ba-454f-ad18-97b64c5c5694\",\"ItemString\":\"{\\n    \\\"DataType\\\": \\\"ItemData\\\",\\n    \\\"DataVersion\\\": 0,\\n    \\\"GameVersion\\\": \\\"0.4.0f5\\\",\\n    \\\"ID\\\": \\\"airpot\\\",\\n    \\\"Quantity\\\": 1\\n}\",\"LoadOrder\":0,\"GridGUID\":\"46a785d3-e21e-4117-8366-ebddea345dee\",\"OriginCoordinate\":{\"x\":9.0,\"y\":0.0},\"Rotation\":-90,\"SoilID\":\"extralonglifesoil\",\"SoilLevel\":20.0,\"RemainingSoilUses\":1,\"WaterLevel\":0.0,\"AppliedAdditives\":[],\"PlantData\":{\"DataType\":\"PlantData\",\"DataVersion\":0,\"GameVersion\":\"0.4.0f5\",\"SeedID\":\"sourdieselseed\",\"GrowthProgress\":0.8483362793922424,\"YieldLevel\":1.0,\"QualityLevel\":0.5,\"ActiveBuds\":[]}}",
            "AdditionalDatas": []
        },
        {
            "DataType": "PotData",
            "DataVersion": 0,
            "GameVersion": "0.4.0f5",
            "BaseData": "{\"DataType\":\"PotData\",\"DataVersion\":0,\"GameVersion\":\"0.4.0f5\",\"GUID\":\"02d2b972-890a-47e4-9b95-c5676e47318c\",\"ItemString\":\"{\\n    \\\"DataType\\\": \\\"ItemData\\\",\\n    \\\"DataVersion\\\": 0,\\n    \\\"GameVersion\\\": \\\"0.4.0f5\\\",\\n    \\\"ID\\\": \\\"airpot\\\",\\n    \\\"Quantity\\\": 1\\n}\",\"LoadOrder\":0,\"GridGUID\":\"46a785d3-e21e-4117-8366-ebddea345dee\",\"OriginCoordinate\":{\"x\":4.0,\"y\":0.0},\"Rotation\":0,\"SoilID\":\"extralonglifesoil\",\"SoilLevel\":20.0,\"RemainingSoilUses\":1,\"WaterLevel\":0.0,\"AppliedAdditives\":[],\"PlantData\":{\"DataType\":\"PlantData\",\"DataVersion\":0,\"GameVersion\":\"0.4.0f5\",\"SeedID\":\"granddaddypurpleseed\",\"GrowthProgress\":0.8586673140525818,\"YieldLevel\":1.0,\"QualityLevel\":0.5,\"ActiveBuds\":[]}}",
            "AdditionalDatas": []
        },
        {
            "DataType": "ProceduralGridItemData",
            "DataVersion": 0,
            "GameVersion": "0.4.0f5",
            "BaseData": "{\"DataType\":\"ProceduralGridItemData\",\"DataVersion\":0,\"GameVersion\":\"0.4.0f5\",\"GUID\":\"30826ccd-a51d-48cc-b86c-ae31d0a7d8cb\",\"ItemString\":\"{\\n    \\\"DataType\\\": \\\"ItemData\\\",\\n    \\\"DataVersion\\\": 0,\\n    \\\"GameVersion\\\": \\\"0.4.0f5\\\",\\n    \\\"ID\\\": \\\"ledgrowlight\\\",\\n    \\\"Quantity\\\": 1\\n}\",\"LoadOrder\":50,\"Rotation\":0,\"FootprintMatches\":[{\"TileOwnerGUID\":\"4a25b14d-269d-4972-9c45-7b84ce3b664d\",\"TileIndex\":2,\"FootprintCoordinate\":{\"x\":0.0,\"y\":0.0}},{\"TileOwnerGUID\":\"4a25b14d-269d-4972-9c45-7b84ce3b664d\",\"TileIndex\":1,\"FootprintCoordinate\":{\"x\":0.0,\"y\":1.0}},{\"TileOwnerGUID\":\"4a25b14d-269d-4972-9c45-7b84ce3b664d\",\"TileIndex\":3,\"FootprintCoordinate\":{\"x\":1.0,\"y\":0.0}},{\"TileOwnerGUID\":\"4a25b14d-269d-4972-9c45-7b84ce3b664d\",\"TileIndex\":0,\"FootprintCoordinate\":{\"x\":1.0,\"y\":1.0}}]}",
            "AdditionalDatas": []
        },
        {
            "DataType": "PlaceableStorageData",
            "DataVersion": 0,
            "GameVersion": "0.4.0f5",
            "BaseData": "{\"DataType\":\"PlaceableStorageData\",\"DataVersion\":0,\"GameVersion\":\"0.4.0f5\",\"GUID\":\"eb13add1-5bdf-46fa-8f87-1a55aeb2a50a\",\"ItemString\":\"{\\n    \\\"DataType\\\": \\\"ItemData\\\",\\n    \\\"DataVersion\\\": 0,\\n    \\\"GameVersion\\\": \\\"0.4.0f5\\\",\\n    \\\"ID\\\": \\\"smallstoragerack\\\",\\n    \\\"Quantity\\\": 1\\n}\",\"LoadOrder\":0,\"GridGUID\":\"46a785d3-e21e-4117-8366-ebddea345dee\",\"OriginCoordinate\":{\"x\":7.0,\"y\":11.0},\"Rotation\":90,\"Contents\":{\"Items\":[\"{\\\"DataType\\\":\\\"TrashGrabberData\\\",\\\"DataVersion\\\":0,\\\"GameVersion\\\":\\\"0.4.0f5\\\",\\\"ID\\\":\\\"trashgrabber\\\",\\\"Quantity\\\":1,\\\"Content\\\":{\\\"TrashIDs\\\":[\\\"plantscrap\\\",\\\"seedvial\\\"],\\\"TrashQuantities\\\":[3,1]}}\",\"{\\\"DataType\\\":\\\"ItemData\\\",\\\"DataVersion\\\":0,\\\"GameVersion\\\":\\\"0.4.0f5\\\",\\\"ID\\\":\\\"trashbag\\\",\\\"Quantity\\\":6}\",\"{\\\"DataType\\\":\\\"ItemData\\\",\\\"DataVersion\\\":0,\\\"GameVersion\\\":\\\"0.4.0f5\\\",\\\"ID\\\":\\\"extralonglifesoil\\\",\\\"Quantity\\\":4}\",\"{\\\"DataType\\\":\\\"ItemData\\\",\\\"DataVersion\\\":0,\\\"GameVersion\\\":\\\"0.4.0f5\\\",\\\"ID\\\":\\\"\\\",\\\"Quantity\\\":0}\"],\"SlotFilters\":[{\"Type\":0,\"ItemIDs\":[],\"AllowedQualities\":[0,1,2,3,4]},{\"Type\":0,\"ItemIDs\":[],\"AllowedQualities\":[0,1,2,3,4]},{\"Type\":0,\"ItemIDs\":[],\"AllowedQualities\":[0,1,2,3,4]},{\"Type\":0,\"ItemIDs\":[],\"AllowedQualities\":[0,1,2,3,4]}]}}",
            "AdditionalDatas": []
        },
        {
            "DataType": "PlaceableStorageData",
            "DataVersion": 0,
            "GameVersion": "0.4.0f5",
            "BaseData": "{\"DataType\":\"PlaceableStorageData\",\"DataVersion\":0,\"GameVersion\":\"0.4.0f5\",\"GUID\":\"e2a4aa52-acaa-44dc-b907-54d7851f9123\",\"ItemString\":\"{\\n    \\\"DataType\\\": \\\"ItemData\\\",\\n    \\\"DataVersion\\\": 0,\\n    \\\"GameVersion\\\": \\\"0.4.0f5\\\",\\n    \\\"ID\\\": \\\"smallstoragerack\\\",\\n    \\\"Quantity\\\": 1\\n}\",\"LoadOrder\":0,\"GridGUID\":\"46a785d3-e21e-4117-8366-ebddea345dee\",\"OriginCoordinate\":{\"x\":8.0,\"y\":11.0},\"Rotation\":90,\"Contents\":{\"Items\":[\"{\\\"DataType\\\":\\\"WeedData\\\",\\\"DataVersion\\\":0,\\\"GameVersion\\\":\\\"0.4.0f5\\\",\\\"ID\\\":\\\"sourdiesel\\\",\\\"Quantity\\\":20,\\\"Quality\\\":\\\"Standard\\\",\\\"PackagingID\\\":\\\"\\\"}\",\"{\\\"DataType\\\":\\\"WeedData\\\",\\\"DataVersion\\\":0,\\\"GameVersion\\\":\\\"0.4.0f5\\\",\\\"ID\\\":\\\"sourdiesel\\\",\\\"Quantity\\\":16,\\\"Quality\\\":\\\"Standard\\\",\\\"PackagingID\\\":\\\"\\\"}\",\"{\\\"DataType\\\":\\\"WeedData\\\",\\\"DataVersion\\\":0,\\\"GameVersion\\\":\\\"0.4.0f5\\\",\\\"ID\\\":\\\"greencrack\\\",\\\"Quantity\\\":1,\\\"Quality\\\":\\\"Standard\\\",\\\"PackagingID\\\":\\\"\\\"}\",\"{\\\"DataType\\\":\\\"ItemData\\\",\\\"DataVersion\\\":0,\\\"GameVersion\\\":\\\"0.4.0f5\\\",\\\"ID\\\":\\\"\\\",\\\"Quantity\\\":0}\"],\"SlotFilters\":[{\"Type\":0,\"ItemIDs\":[],\"AllowedQualities\":[0,1,2,3,4]},{\"Type\":0,\"ItemIDs\":[],\"AllowedQualities\":[0,1,2,3,4]},{\"Type\":0,\"ItemIDs\":[],\"AllowedQualities\":[0,1,2,3,4]},{\"Type\":0,\"ItemIDs\":[],\"AllowedQualities\":[0,1,2,3,4]}]}}",
            "AdditionalDatas": []
        },
        {
            "DataType": "PlaceableStorageData",
            "DataVersion": 0,
            "GameVersion": "0.4.0f5",
            "BaseData": "{\"DataType\":\"PlaceableStorageData\",\"DataVersion\":0,\"GameVersion\":\"0.4.0f5\",\"GUID\":\"02981ff2-e0f7-4090-8a6a-6f7b084e439f\",\"ItemString\":\"{\\n    \\\"DataType\\\": \\\"ItemData\\\",\\n    \\\"DataVersion\\\": 0,\\n    \\\"GameVersion\\\": \\\"0.4.0f5\\\",\\n    \\\"ID\\\": \\\"smallstoragerack\\\",\\n    \\\"Quantity\\\": 1\\n}\",\"LoadOrder\":0,\"GridGUID\":\"46a785d3-e21e-4117-8366-ebddea345dee\",\"OriginCoordinate\":{\"x\":9.0,\"y\":11.0},\"Rotation\":90,\"Contents\":{\"Items\":[\"{\\\"DataType\\\":\\\"WeedData\\\",\\\"DataVersion\\\":0,\\\"GameVersion\\\":\\\"0.4.0f5\\\",\\\"ID\\\":\\\"stinkydiesel\\\",\\\"Quantity\\\":20,\\\"Quality\\\":\\\"Standard\\\",\\\"PackagingID\\\":\\\"\\\"}\",\"{\\\"DataType\\\":\\\"ItemData\\\",\\\"DataVersion\\\":0,\\\"GameVersion\\\":\\\"0.4.0f5\\\",\\\"ID\\\":\\\"\\\",\\\"Quantity\\\":0}\",\"{\\\"DataType\\\":\\\"ItemData\\\",\\\"DataVersion\\\":0,\\\"GameVersion\\\":\\\"0.4.0f5\\\",\\\"ID\\\":\\\"\\\",\\\"Quantity\\\":0}\",\"{\\\"DataType\\\":\\\"ItemData\\\",\\\"DataVersion\\\":0,\\\"GameVersion\\\":\\\"0.4.0f5\\\",\\\"ID\\\":\\\"\\\",\\\"Quantity\\\":0}\"],\"SlotFilters\":[{\"Type\":0,\"ItemIDs\":[],\"AllowedQualities\":[0,1,2,3,4]},{\"Type\":0,\"ItemIDs\":[],\"AllowedQualities\":[0,1,2,3,4]},{\"Type\":0,\"ItemIDs\":[],\"AllowedQualities\":[0,1,2,3,4]},{\"Type\":0,\"ItemIDs\":[],\"AllowedQualities\":[0,1,2,3,4]}]}}",
            "AdditionalDatas": []
        },
        {
            "DataType": "PlaceableStorageData",
            "DataVersion": 0,
            "GameVersion": "0.4.0f5",
            "BaseData": "{\"DataType\":\"PlaceableStorageData\",\"DataVersion\":0,\"GameVersion\":\"0.4.0f5\",\"GUID\":\"6f99ee1e-6597-4d10-be7f-ecd016febad4\",\"ItemString\":\"{\\n    \\\"DataType\\\": \\\"ItemData\\\",\\n    \\\"DataVersion\\\": 0,\\n    \\\"GameVersion\\\": \\\"0.4.0f5\\\",\\n    \\\"ID\\\": \\\"mediumstoragerack\\\",\\n    \\\"Quantity\\\": 1\\n}\",\"LoadOrder\":0,\"GridGUID\":\"46a785d3-e21e-4117-8366-ebddea345dee\",\"OriginCoordinate\":{\"x\":15.0,\"y\":9.0},\"Rotation\":-90,\"Contents\":{\"Items\":[\"{\\\"DataType\\\":\\\"ItemData\\\",\\\"DataVersion\\\":0,\\\"GameVersion\\\":\\\"0.4.0f5\\\",\\\"ID\\\":\\\"\\\",\\\"Quantity\\\":0}\",\"{\\\"DataType\\\":\\\"ItemData\\\",\\\"DataVersion\\\":0,\\\"GameVersion\\\":\\\"0.4.0f5\\\",\\\"ID\\\":\\\"\\\",\\\"Quantity\\\":0}\",\"{\\\"DataType\\\":\\\"ItemData\\\",\\\"DataVersion\\\":0,\\\"GameVersion\\\":\\\"0.4.0f5\\\",\\\"ID\\\":\\\"megabean\\\",\\\"Quantity\\\":5}\",\"{\\\"DataType\\\":\\\"ItemData\\\",\\\"DataVersion\\\":0,\\\"GameVersion\\\":\\\"0.4.0f5\\\",\\\"ID\\\":\\\"\\\",\\\"Quantity\\\":0}\",\"{\\\"DataType\\\":\\\"ItemData\\\",\\\"DataVersion\\\":0,\\\"GameVersion\\\":\\\"0.4.0f5\\\",\\\"ID\\\":\\\"\\\",\\\"Quantity\\\":0}\",\"{\\\"DataType\\\":\\\"ItemData\\\",\\\"DataVersion\\\":0,\\\"GameVersion\\\":\\\"0.4.0f5\\\",\\\"ID\\\":\\\"\\\",\\\"Quantity\\\":0}\"],\"SlotFilters\":[{\"Type\":0,\"ItemIDs\":[],\"AllowedQualities\":[0,1,2,3,4]},{\"Type\":0,\"ItemIDs\":[],\"AllowedQualities\":[0,1,2,3,4]},{\"Type\":0,\"ItemIDs\":[],\"AllowedQualities\":[0,1,2,3,4]},{\"Type\":0,\"ItemIDs\":[],\"AllowedQualities\":[0,1,2,3,4]},{\"Type\":0,\"ItemIDs\":[],\"AllowedQualities\":[0,1,2,3,4]},{\"Type\":0,\"ItemIDs\":[],\"AllowedQualities\":[0,1,2,3,4]}]}}",
            "AdditionalDatas": []
        },
        {
            "DataType": "PlaceableStorageData",
            "DataVersion": 0,
            "GameVersion": "0.4.0f5",
            "BaseData": "{\"DataType\":\"PlaceableStorageData\",\"DataVersion\":0,\"GameVersion\":\"0.4.0f5\",\"GUID\":\"0cb2a6f7-99d8-4f94-9daf-839a2e90da57\",\"ItemString\":\"{\\n    \\\"DataType\\\": \\\"ItemData\\\",\\n    \\\"DataVersion\\\": 0,\\n    \\\"GameVersion\\\": \\\"0.4.0f5\\\",\\n    \\\"ID\\\": \\\"mediumstoragerack\\\",\\n    \\\"Quantity\\\": 1\\n}\",\"LoadOrder\":0,\"GridGUID\":\"46a785d3-e21e-4117-8366-ebddea345dee\",\"OriginCoordinate\":{\"x\":16.0,\"y\":9.0},\"Rotation\":-90,\"Contents\":{\"Items\":[\"{\\\"DataType\\\":\\\"ItemData\\\",\\\"DataVersion\\\":0,\\\"GameVersion\\\":\\\"0.4.0f5\\\",\\\"ID\\\":\\\"\\\",\\\"Quantity\\\":0}\",\"{\\\"DataType\\\":\\\"ItemData\\\",\\\"DataVersion\\\":0,\\\"GameVersion\\\":\\\"0.4.0f5\\\",\\\"ID\\\":\\\"\\\",\\\"Quantity\\\":0}\",\"{\\\"DataType\\\":\\\"ItemData\\\",\\\"DataVersion\\\":0,\\\"GameVersion\\\":\\\"0.4.0f5\\\",\\\"ID\\\":\\\"\\\",\\\"Quantity\\\":0}\",\"{\\\"DataType\\\":\\\"ItemData\\\",\\\"DataVersion\\\":0,\\\"GameVersion\\\":\\\"0.4.0f5\\\",\\\"ID\\\":\\\"\\\",\\\"Quantity\\\":0}\",\"{\\\"DataType\\\":\\\"ItemData\\\",\\\"DataVersion\\\":0,\\\"GameVersion\\\":\\\"0.4.0f5\\\",\\\"ID\\\":\\\"\\\",\\\"Quantity\\\":0}\",\"{\\\"DataType\\\":\\\"ItemData\\\",\\\"DataVersion\\\":0,\\\"GameVersion\\\":\\\"0.4.0f5\\\",\\\"ID\\\":\\\"\\\",\\\"Quantity\\\":0}\"],\"SlotFilters\":[{\"Type\":0,\"ItemIDs\":[],\"AllowedQualities\":[0,1,2,3,4]},{\"Type\":0,\"ItemIDs\":[],\"AllowedQualities\":[0,1,2,3,4]},{\"Type\":0,\"ItemIDs\":[],\"AllowedQualities\":[0,1,2,3,4]},{\"Type\":0,\"ItemIDs\":[],\"AllowedQualities\":[0,1,2,3,4]},{\"Type\":0,\"ItemIDs\":[],\"AllowedQualities\":[0,1,2,3,4]},{\"Type\":0,\"ItemIDs\":[],\"AllowedQualities\":[0,1,2,3,4]}]}}",
            "AdditionalDatas": []
        },
        {
            "DataType": "PlaceableStorageData",
            "DataVersion": 0,
            "GameVersion": "0.4.0f5",
            "BaseData": "{\"DataType\":\"PlaceableStorageData\",\"DataVersion\":0,\"GameVersion\":\"0.4.0f5\",\"GUID\":\"351f2275-00f3-46bc-ad50-928cafda171a\",\"ItemString\":\"{\\n    \\\"DataType\\\": \\\"ItemData\\\",\\n    \\\"DataVersion\\\": 0,\\n    \\\"GameVersion\\\": \\\"0.4.0f5\\\",\\n    \\\"ID\\\": \\\"largestoragerack\\\",\\n    \\\"Quantity\\\": 1\\n}\",\"LoadOrder\":0,\"GridGUID\":\"46a785d3-e21e-4117-8366-ebddea345dee\",\"OriginCoordinate\":{\"x\":17.0,\"y\":8.0},\"Rotation\":-90,\"Contents\":{\"Items\":[\"{\\\"DataType\\\":\\\"ItemData\\\",\\\"DataVersion\\\":0,\\\"GameVersion\\\":\\\"0.4.0f5\\\",\\\"ID\\\":\\\"potsprinkler\\\",\\\"Quantity\\\":1}\",\"{\\\"DataType\\\":\\\"ItemData\\\",\\\"DataVersion\\\":0,\\\"GameVersion\\\":\\\"0.4.0f5\\\",\\\"ID\\\":\\\"growtent\\\",\\\"Quantity\\\":2}\",\"{\\\"DataType\\\":\\\"ItemData\\\",\\\"DataVersion\\\":0,\\\"GameVersion\\\":\\\"0.4.0f5\\\",\\\"ID\\\":\\\"largestoragerack\\\",\\\"Quantity\\\":1}\",\"{\\\"DataType\\\":\\\"ItemData\\\",\\\"DataVersion\\\":0,\\\"GameVersion\\\":\\\"0.4.0f5\\\",\\\"ID\\\":\\\"soilpourer\\\",\\\"Quantity\\\":5}\",\"{\\\"DataType\\\":\\\"ItemData\\\",\\\"DataVersion\\\":0,\\\"GameVersion\\\":\\\"0.4.0f5\\\",\\\"ID\\\":\\\"gasoline\\\",\\\"Quantity\\\":1}\",\"{\\\"DataType\\\":\\\"ItemData\\\",\\\"DataVersion\\\":0,\\\"GameVersion\\\":\\\"0.4.0f5\\\",\\\"ID\\\":\\\"\\\",\\\"Quantity\\\":0}\",\"{\\\"DataType\\\":\\\"ItemData\\\",\\\"DataVersion\\\":0,\\\"GameVersion\\\":\\\"0.4.0f5\\\",\\\"ID\\\":\\\"\\\",\\\"Quantity\\\":0}\",\"{\\\"DataType\\\":\\\"ItemData\\\",\\\"DataVersion\\\":0,\\\"GameVersion\\\":\\\"0.4.0f5\\\",\\\"ID\\\":\\\"\\\",\\\"Quantity\\\":0}\"],\"SlotFilters\":[{\"Type\":0,\"ItemIDs\":[],\"AllowedQualities\":[0,1,2,3,4]},{\"Type\":0,\"ItemIDs\":[],\"AllowedQualities\":[0,1,2,3,4]},{\"Type\":0,\"ItemIDs\":[],\"AllowedQualities\":[0,1,2,3,4]},{\"Type\":0,\"ItemIDs\":[],\"AllowedQualities\":[0,1,2,3,4]},{\"Type\":0,\"ItemIDs\":[],\"AllowedQualities\":[0,1,2,3,4]},{\"Type\":0,\"ItemIDs\":[],\"AllowedQualities\":[0,1,2,3,4]},{\"Type\":0,\"ItemIDs\":[],\"AllowedQualities\":[0,1,2,3,4]},{\"Type\":0,\"ItemIDs\":[],\"AllowedQualities\":[0,1,2,3,4]}]}}",
            "AdditionalDatas": []
        },
        {
            "DataType": "PlaceableStorageData",
            "DataVersion": 0,
            "GameVersion": "0.4.0f5",
            "BaseData": "{\"DataType\":\"PlaceableStorageData\",\"DataVersion\":0,\"GameVersion\":\"0.4.0f5\",\"GUID\":\"b78cb341-602a-4c7f-8f55-68a1ab58f048\",\"ItemString\":\"{\\n    \\\"DataType\\\": \\\"ItemData\\\",\\n    \\\"DataVersion\\\": 0,\\n    \\\"GameVersion\\\": \\\"0.4.0f5\\\",\\n    \\\"ID\\\": \\\"smallstoragerack\\\",\\n    \\\"Quantity\\\": 1\\n}\",\"LoadOrder\":0,\"GridGUID\":\"46a785d3-e21e-4117-8366-ebddea345dee\",\"OriginCoordinate\":{\"x\":17.0,\"y\":6.0},\"Rotation\":-90,\"Contents\":{\"Items\":[\"{\\\"DataType\\\":\\\"ItemData\\\",\\\"DataVersion\\\":0,\\\"GameVersion\\\":\\\"0.4.0f5\\\",\\\"ID\\\":\\\"\\\",\\\"Quantity\\\":0}\",\"{\\\"DataType\\\":\\\"ItemData\\\",\\\"DataVersion\\\":0,\\\"GameVersion\\\":\\\"0.4.0f5\\\",\\\"ID\\\":\\\"\\\",\\\"Quantity\\\":0}\",\"{\\\"DataType\\\":\\\"ItemData\\\",\\\"DataVersion\\\":0,\\\"GameVersion\\\":\\\"0.4.0f5\\\",\\\"ID\\\":\\\"\\\",\\\"Quantity\\\":0}\",\"{\\\"DataType\\\":\\\"ItemData\\\",\\\"DataVersion\\\":0,\\\"GameVersion\\\":\\\"0.4.0f5\\\",\\\"ID\\\":\\\"\\\",\\\"Quantity\\\":0}\"],\"SlotFilters\":[{\"Type\":0,\"ItemIDs\":[],\"AllowedQualities\":[0,1,2,3,4]},{\"Type\":0,\"ItemIDs\":[],\"AllowedQualities\":[0,1,2,3,4]},{\"Type\":0,\"ItemIDs\":[],\"AllowedQualities\":[0,1,2,3,4]},{\"Type\":0,\"ItemIDs\":[],\"AllowedQualities\":[0,1,2,3,4]}]}}",
            "AdditionalDatas": []
        },
        {
            "DataType": "PackagingStationData",
            "DataVersion": 0,
            "GameVersion": "0.4.0f5",
            "BaseData": "{\"DataType\":\"PackagingStationData\",\"DataVersion\":0,\"GameVersion\":\"0.4.0f5\",\"GUID\":\"34a4192a-3b6c-4922-849a-75e480551fc7\",\"ItemString\":\"{\\n    \\\"DataType\\\": \\\"ItemData\\\",\\n    \\\"DataVersion\\\": 0,\\n    \\\"GameVersion\\\": \\\"0.4.0f5\\\",\\n    \\\"ID\\\": \\\"packagingstationmk2\\\",\\n    \\\"Quantity\\\": 1\\n}\",\"LoadOrder\":0,\"GridGUID\":\"46a785d3-e21e-4117-8366-ebddea345dee\",\"OriginCoordinate\":{\"x\":8.0,\"y\":6.0},\"Rotation\":0,\"Contents\":{\"Items\":[\"{\\\"DataType\\\":\\\"ItemData\\\",\\\"DataVersion\\\":0,\\\"GameVersion\\\":\\\"0.4.0f5\\\",\\\"ID\\\":\\\"jar\\\",\\\"Quantity\\\":6}\",\"{\\\"DataType\\\":\\\"ItemData\\\",\\\"DataVersion\\\":0,\\\"GameVersion\\\":\\\"0.4.0f5\\\",\\\"ID\\\":\\\"\\\",\\\"Quantity\\\":0}\",\"{\\\"DataType\\\":\\\"ItemData\\\",\\\"DataVersion\\\":0,\\\"GameVersion\\\":\\\"0.4.0f5\\\",\\\"ID\\\":\\\"\\\",\\\"Quantity\\\":0}\"],\"SlotFilters\":[{\"Type\":0,\"ItemIDs\":[],\"AllowedQualities\":[0,1,2,3,4]},{\"Type\":0,\"ItemIDs\":[],\"AllowedQualities\":[0,1,2,3,4]},{\"Type\":0,\"ItemIDs\":[],\"AllowedQualities\":[0,1,2,3,4]}]}}",
            "AdditionalDatas": []
        },
        {
            "DataType": "TrashContainerData",
            "DataVersion": 0,
            "GameVersion": "0.4.0f5",
            "BaseData": "{\"DataType\":\"TrashContainerData\",\"DataVersion\":0,\"GameVersion\":\"0.4.0f5\",\"GUID\":\"ef7efbd7-cf0c-4b18-a7b1-b7bbb946e02c\",\"ItemString\":\"{\\n    \\\"DataType\\\": \\\"ItemData\\\",\\n    \\\"DataVersion\\\": 0,\\n    \\\"GameVersion\\\": \\\"0.4.0f5\\\",\\n    \\\"ID\\\": \\\"trashcan\\\",\\n    \\\"Quantity\\\": 1\\n}\",\"LoadOrder\":0,\"GridGUID\":\"46a785d3-e21e-4117-8366-ebddea345dee\",\"OriginCoordinate\":{\"x\":0.0,\"y\":8.0},\"Rotation\":0,\"ContentData\":{\"TrashIDs\":[\"seedvial\",\"plantscrap\"],\"TrashQuantities\":[1,1]}}",
            "AdditionalDatas": []
        },
        {
            "DataType": "PotData",
            "DataVersion": 0,
            "GameVersion": "0.4.0f5",
            "BaseData": "{\"DataType\":\"PotData\",\"DataVersion\":0,\"GameVersion\":\"0.4.0f5\",\"GUID\":\"43c1eb0e-a061-441b-8262-15e1e6dc12bd\",\"ItemString\":\"{\\n    \\\"DataType\\\": \\\"ItemData\\\",\\n    \\\"DataVersion\\\": 0,\\n    \\\"GameVersion\\\": \\\"0.4.0f5\\\",\\n    \\\"ID\\\": \\\"moisturepreservingpot\\\",\\n    \\\"Quantity\\\": 1\\n}\",\"LoadOrder\":0,\"GridGUID\":\"46a785d3-e21e-4117-8366-ebddea345dee\",\"OriginCoordinate\":{\"x\":5.0,\"y\":4.0},\"Rotation\":-90,\"SoilID\":\"extralonglifesoil\",\"SoilLevel\":20.0,\"RemainingSoilUses\":1,\"WaterLevel\":0.0,\"AppliedAdditives\":[],\"PlantData\":{\"DataType\":\"PlantData\",\"DataVersion\":0,\"GameVersion\":\"0.4.0f5\",\"SeedID\":\"granddaddypurpleseed\",\"GrowthProgress\":1.0,\"YieldLevel\":1.0,\"QualityLevel\":0.5,\"ActiveBuds\":[0,1,2,4,5,6,7,9,10,11,13,15]}}",
            "AdditionalDatas": []
        },
        {
            "DataType": "PotData",
            "DataVersion": 0,
            "GameVersion": "0.4.0f5",
            "BaseData": "{\"DataType\":\"PotData\",\"DataVersion\":0,\"GameVersion\":\"0.4.0f5\",\"GUID\":\"4e24545f-10a9-49fa-857d-76bb0dca9734\",\"ItemString\":\"{\\n    \\\"DataType\\\": \\\"ItemData\\\",\\n    \\\"DataVersion\\\": 0,\\n    \\\"GameVersion\\\": \\\"0.4.0f5\\\",\\n    \\\"ID\\\": \\\"moisturepreservingpot\\\",\\n    \\\"Quantity\\\": 1\\n}\",\"LoadOrder\":0,\"GridGUID\":\"46a785d3-e21e-4117-8366-ebddea345dee\",\"OriginCoordinate\":{\"x\":1.0,\"y\":0.0},\"Rotation\":-90,\"SoilID\":\"extralonglifesoil\",\"SoilLevel\":20.0,\"RemainingSoilUses\":1,\"WaterLevel\":0.0,\"AppliedAdditives\":[],\"PlantData\":{\"DataType\":\"PlantData\",\"DataVersion\":0,\"GameVersion\":\"0.4.0f5\",\"SeedID\":\"granddaddypurpleseed\",\"GrowthProgress\":1.0,\"YieldLevel\":1.0,\"QualityLevel\":0.5,\"ActiveBuds\":[1,3,4,5,6,7,8,10,11,12,14,15]}}",
            "AdditionalDatas": []
        },
        {
            "DataType": "PotData",
            "DataVersion": 0,
            "GameVersion": "0.4.0f5",
            "BaseData": "{\"DataType\":\"PotData\",\"DataVersion\":0,\"GameVersion\":\"0.4.0f5\",\"GUID\":\"d9b6991f-9853-4465-b16c-2c98a4b05eb2\",\"ItemString\":\"{\\n    \\\"DataType\\\": \\\"ItemData\\\",\\n    \\\"DataVersion\\\": 0,\\n    \\\"GameVersion\\\": \\\"0.4.0f5\\\",\\n    \\\"ID\\\": \\\"moisturepreservingpot\\\",\\n    \\\"Quantity\\\": 1\\n}\",\"LoadOrder\":0,\"GridGUID\":\"46a785d3-e21e-4117-8366-ebddea345dee\",\"OriginCoordinate\":{\"x\":1.0,\"y\":4.0},\"Rotation\":-90,\"SoilID\":\"extralonglifesoil\",\"SoilLevel\":20.0,\"RemainingSoilUses\":1,\"WaterLevel\":0.0,\"AppliedAdditives\":[],\"PlantData\":{\"DataType\":\"PlantData\",\"DataVersion\":0,\"GameVersion\":\"0.4.0f5\",\"SeedID\":\"granddaddypurpleseed\",\"GrowthProgress\":1.0,\"YieldLevel\":1.0,\"QualityLevel\":0.5,\"ActiveBuds\":[0,1,2,3,4,5,6,8,10,11,12,14]}}",
            "AdditionalDatas": []
        },
        {
            "DataType": "GridItemData",
            "DataVersion": 0,
            "GameVersion": "0.4.0f5",
            "BaseData": "{\"DataType\":\"GridItemData\",\"DataVersion\":0,\"GameVersion\":\"0.4.0f5\",\"GUID\":\"43191081-f35e-4fa6-ba3c-09a379129dc9\",\"ItemString\":\"{\\n    \\\"DataType\\\": \\\"ItemData\\\",\\n    \\\"DataVersion\\\": 0,\\n    \\\"GameVersion\\\": \\\"0.4.0f5\\\",\\n    \\\"ID\\\": \\\"suspensionrack\\\",\\n    \\\"Quantity\\\": 1\\n}\",\"LoadOrder\":0,\"GridGUID\":\"46a785d3-e21e-4117-8366-ebddea345dee\",\"OriginCoordinate\":{\"x\":0.0,\"y\":0.0},\"Rotation\":0}",
            "AdditionalDatas": []
        },
        {
            "DataType": "GridItemData",
            "DataVersion": 0,
            "GameVersion": "0.4.0f5",
            "BaseData": "{\"DataType\":\"GridItemData\",\"DataVersion\":0,\"GameVersion\":\"0.4.0f5\",\"GUID\":\"7c9b6aae-02fd-4940-aed3-aa6f062e3624\",\"ItemString\":\"{\\n    \\\"DataType\\\": \\\"ItemData\\\",\\n    \\\"DataVersion\\\": 0,\\n    \\\"GameVersion\\\": \\\"0.4.0f5\\\",\\n    \\\"ID\\\": \\\"suspensionrack\\\",\\n    \\\"Quantity\\\": 1\\n}\",\"LoadOrder\":0,\"GridGUID\":\"46a785d3-e21e-4117-8366-ebddea345dee\",\"OriginCoordinate\":{\"x\":0.0,\"y\":4.0},\"Rotation\":0}",
            "AdditionalDatas": []
        },
        {
            "DataType": "GridItemData",
            "DataVersion": 0,
            "GameVersion": "0.4.0f5",
            "BaseData": "{\"DataType\":\"GridItemData\",\"DataVersion\":0,\"GameVersion\":\"0.4.0f5\",\"GUID\":\"08418b0d-cb55-4b43-a857-8a7b4072f2e7\",\"ItemString\":\"{\\n    \\\"DataType\\\": \\\"ItemData\\\",\\n    \\\"DataVersion\\\": 0,\\n    \\\"GameVersion\\\": \\\"0.4.0f5\\\",\\n    \\\"ID\\\": \\\"suspensionrack\\\",\\n    \\\"Quantity\\\": 1\\n}\",\"LoadOrder\":0,\"GridGUID\":\"46a785d3-e21e-4117-8366-ebddea345dee\",\"OriginCoordinate\":{\"x\":4.0,\"y\":4.0},\"Rotation\":0}",
            "AdditionalDatas": []
        },
        {
            "DataType": "GridItemData",
            "DataVersion": 0,
            "GameVersion": "0.4.0f5",
            "BaseData": "{\"DataType\":\"GridItemData\",\"DataVersion\":0,\"GameVersion\":\"0.4.0f5\",\"GUID\":\"af120e85-9c38-4b6e-ad8c-770179823ab7\",\"ItemString\":\"{\\n    \\\"DataType\\\": \\\"ItemData\\\",\\n    \\\"DataVersion\\\": 0,\\n    \\\"GameVersion\\\": \\\"0.4.0f5\\\",\\n    \\\"ID\\\": \\\"potsprinkler\\\",\\n    \\\"Quantity\\\": 1\\n}\",\"LoadOrder\":0,\"GridGUID\":\"46a785d3-e21e-4117-8366-ebddea345dee\",\"OriginCoordinate\":{\"x\":0.0,\"y\":3.0},\"Rotation\":0}",
            "AdditionalDatas": []
        },
        {
            "DataType": "GridItemData",
            "DataVersion": 0,
            "GameVersion": "0.4.0f5",
            "BaseData": "{\"DataType\":\"GridItemData\",\"DataVersion\":0,\"GameVersion\":\"0.4.0f5\",\"GUID\":\"ab0c469b-90b4-410e-a20a-4590954fac67\",\"ItemString\":\"{\\n    \\\"DataType\\\": \\\"ItemData\\\",\\n    \\\"DataVersion\\\": 0,\\n    \\\"GameVersion\\\": \\\"0.4.0f5\\\",\\n    \\\"ID\\\": \\\"potsprinkler\\\",\\n    \\\"Quantity\\\": 1\\n}\",\"LoadOrder\":0,\"GridGUID\":\"46a785d3-e21e-4117-8366-ebddea345dee\",\"OriginCoordinate\":{\"x\":1.0,\"y\":2.0},\"Rotation\":180}",
            "AdditionalDatas": []
        },
        {
            "DataType": "ProceduralGridItemData",
            "DataVersion": 0,
            "GameVersion": "0.4.0f5",
            "BaseData": "{\"DataType\":\"ProceduralGridItemData\",\"DataVersion\":0,\"GameVersion\":\"0.4.0f5\",\"GUID\":\"4ceeb669-26d0-44b1-a7e4-0dc2dc73cf06\",\"ItemString\":\"{\\n    \\\"DataType\\\": \\\"ItemData\\\",\\n    \\\"DataVersion\\\": 0,\\n    \\\"GameVersion\\\": \\\"0.4.0f5\\\",\\n    \\\"ID\\\": \\\"ledgrowlight\\\",\\n    \\\"Quantity\\\": 1\\n}\",\"LoadOrder\":50,\"Rotation\":0,\"FootprintMatches\":[{\"TileOwnerGUID\":\"43191081-f35e-4fa6-ba3c-09a379129dc9\",\"TileIndex\":2,\"FootprintCoordinate\":{\"x\":0.0,\"y\":0.0}},{\"TileOwnerGUID\":\"43191081-f35e-4fa6-ba3c-09a379129dc9\",\"TileIndex\":1,\"FootprintCoordinate\":{\"x\":0.0,\"y\":1.0}},{\"TileOwnerGUID\":\"43191081-f35e-4fa6-ba3c-09a379129dc9\",\"TileIndex\":3,\"FootprintCoordinate\":{\"x\":1.0,\"y\":0.0}},{\"TileOwnerGUID\":\"43191081-f35e-4fa6-ba3c-09a379129dc9\",\"TileIndex\":0,\"FootprintCoordinate\":{\"x\":1.0,\"y\":1.0}}]}",
            "AdditionalDatas": []
        },
        {
            "DataType": "ProceduralGridItemData",
            "DataVersion": 0,
            "GameVersion": "0.4.0f5",
            "BaseData": "{\"DataType\":\"ProceduralGridItemData\",\"DataVersion\":0,\"GameVersion\":\"0.4.0f5\",\"GUID\":\"b7f0140f-d6d4-4952-9a54-d7cefc01397d\",\"ItemString\":\"{\\n    \\\"DataType\\\": \\\"ItemData\\\",\\n    \\\"DataVersion\\\": 0,\\n    \\\"GameVersion\\\": \\\"0.4.0f5\\\",\\n    \\\"ID\\\": \\\"ledgrowlight\\\",\\n    \\\"Quantity\\\": 1\\n}\",\"LoadOrder\":50,\"Rotation\":0,\"FootprintMatches\":[{\"TileOwnerGUID\":\"7c9b6aae-02fd-4940-aed3-aa6f062e3624\",\"TileIndex\":2,\"FootprintCoordinate\":{\"x\":0.0,\"y\":0.0}},{\"TileOwnerGUID\":\"7c9b6aae-02fd-4940-aed3-aa6f062e3624\",\"TileIndex\":1,\"FootprintCoordinate\":{\"x\":0.0,\"y\":1.0}},{\"TileOwnerGUID\":\"7c9b6aae-02fd-4940-aed3-aa6f062e3624\",\"TileIndex\":3,\"FootprintCoordinate\":{\"x\":1.0,\"y\":0.0}},{\"TileOwnerGUID\":\"7c9b6aae-02fd-4940-aed3-aa6f062e3624\",\"TileIndex\":0,\"FootprintCoordinate\":{\"x\":1.0,\"y\":1.0}}]}",
            "AdditionalDatas": []
        },
        {
            "DataType": "GridItemData",
            "DataVersion": 0,
            "GameVersion": "0.4.0f5",
            "BaseData": "{\"DataType\":\"GridItemData\",\"DataVersion\":0,\"GameVersion\":\"0.4.0f5\",\"GUID\":\"f18c7980-0e97-40aa-88a9-2db7d699bd10\",\"ItemString\":\"{\\n    \\\"DataType\\\": \\\"ItemData\\\",\\n    \\\"DataVersion\\\": 0,\\n    \\\"GameVersion\\\": \\\"0.4.0f5\\\",\\n    \\\"ID\\\": \\\"potsprinkler\\\",\\n    \\\"Quantity\\\": 1\\n}\",\"LoadOrder\":0,\"GridGUID\":\"46a785d3-e21e-4117-8366-ebddea345dee\",\"OriginCoordinate\":{\"x\":4.0,\"y\":3.0},\"Rotation\":0}",
            "AdditionalDatas": []
        },
        {
            "DataType": "ProceduralGridItemData",
            "DataVersion": 0,
            "GameVersion": "0.4.0f5",
            "BaseData": "{\"DataType\":\"ProceduralGridItemData\",\"DataVersion\":0,\"GameVersion\":\"0.4.0f5\",\"GUID\":\"6a22428f-d4d6-4395-952e-9a5898b75f0d\",\"ItemString\":\"{\\n    \\\"DataType\\\": \\\"ItemData\\\",\\n    \\\"DataVersion\\\": 0,\\n    \\\"GameVersion\\\": \\\"0.4.0f5\\\",\\n    \\\"ID\\\": \\\"ledgrowlight\\\",\\n    \\\"Quantity\\\": 1\\n}\",\"LoadOrder\":50,\"Rotation\":0,\"FootprintMatches\":[{\"TileOwnerGUID\":\"08418b0d-cb55-4b43-a857-8a7b4072f2e7\",\"TileIndex\":2,\"FootprintCoordinate\":{\"x\":0.0,\"y\":0.0}},{\"TileOwnerGUID\":\"08418b0d-cb55-4b43-a857-8a7b4072f2e7\",\"TileIndex\":1,\"FootprintCoordinate\":{\"x\":0.0,\"y\":1.0}},{\"TileOwnerGUID\":\"08418b0d-cb55-4b43-a857-8a7b4072f2e7\",\"TileIndex\":3,\"FootprintCoordinate\":{\"x\":1.0,\"y\":0.0}},{\"TileOwnerGUID\":\"08418b0d-cb55-4b43-a857-8a7b4072f2e7\",\"TileIndex\":0,\"FootprintCoordinate\":{\"x\":1.0,\"y\":1.0}}]}",
            "AdditionalDatas": []
        },
        {
            "DataType": "PlaceableStorageData",
            "DataVersion": 0,
            "GameVersion": "0.4.0f5",
            "BaseData": "{\"DataType\":\"PlaceableStorageData\",\"DataVersion\":0,\"GameVersion\":\"0.4.0f5\",\"GUID\":\"cd052c89-44f1-41ab-b50a-ef416a23d9aa\",\"ItemString\":\"{\\n    \\\"DataType\\\": \\\"ItemData\\\",\\n    \\\"DataVersion\\\": 0,\\n    \\\"GameVersion\\\": \\\"0.4.0f5\\\",\\n    \\\"ID\\\": \\\"locker\\\",\\n    \\\"Quantity\\\": 1\\n}\",\"LoadOrder\":0,\"GridGUID\":\"46a785d3-e21e-4117-8366-ebddea345dee\",\"OriginCoordinate\":{\"x\":2.0,\"y\":7.0},\"Rotation\":180,\"Contents\":{\"Items\":[\"{\\\"DataType\\\":\\\"CashData\\\",\\\"DataVersion\\\":0,\\\"GameVersion\\\":\\\"0.4.0f5\\\",\\\"ID\\\":\\\"cash\\\",\\\"Quantity\\\":1,\\\"CashBalance\\\":100.0}\",\"{\\\"DataType\\\":\\\"ItemData\\\",\\\"DataVersion\\\":0,\\\"GameVersion\\\":\\\"0.4.0f5\\\",\\\"ID\\\":\\\"\\\",\\\"Quantity\\\":0}\",\"{\\\"DataType\\\":\\\"ItemData\\\",\\\"DataVersion\\\":0,\\\"GameVersion\\\":\\\"0.4.0f5\\\",\\\"ID\\\":\\\"\\\",\\\"Quantity\\\":0}\",\"{\\\"DataType\\\":\\\"ItemData\\\",\\\"DataVersion\\\":0,\\\"GameVersion\\\":\\\"0.4.0f5\\\",\\\"ID\\\":\\\"\\\",\\\"Quantity\\\":0}\",\"{\\\"DataType\\\":\\\"ItemData\\\",\\\"DataVersion\\\":0,\\\"GameVersion\\\":\\\"0.4.0f5\\\",\\\"ID\\\":\\\"\\\",\\\"Quantity\\\":0}\",\"{\\\"DataType\\\":\\\"ItemData\\\",\\\"DataVersion\\\":0,\\\"GameVersion\\\":\\\"0.4.0f5\\\",\\\"ID\\\":\\\"\\\",\\\"Quantity\\\":0}\"],\"SlotFilters\":[{\"Type\":0,\"ItemIDs\":[],\"AllowedQualities\":[0,1,2,3,4]},{\"Type\":0,\"ItemIDs\":[],\"AllowedQualities\":[0,1,2,3,4]},{\"Type\":0,\"ItemIDs\":[],\"AllowedQualities\":[0,1,2,3,4]},{\"Type\":0,\"ItemIDs\":[],\"AllowedQualities\":[0,1,2,3,4]},{\"Type\":0,\"ItemIDs\":[],\"AllowedQualities\":[0,1,2,3,4]},{\"Type\":0,\"ItemIDs\":[],\"AllowedQualities\":[0,1,2,3,4]}]}}",
            "AdditionalDatas": []
        }
    ]
}